#
# There is insufficient memory for the Java Runtime Environment to continue.
# Native memory allocation (malloc) failed to allocate 5808216 bytes. Error detail: Chunk::new
# Possible reasons:
#   The system is out of physical RAM or swap space
#   This process is running with CompressedOops enabled, and the Java Heap may be blocking the growth of the native heap
# Possible solutions:
#   Reduce memory load on the system
#   Increase physical memory or swap space
#   Check if swap backing store is full
#   Decrease Java heap size (-Xmx/-Xms)
#   Decrease number of Java threads
#   Decrease Java thread stack sizes (-Xss)
#   Set larger code cache with -XX:ReservedCodeCacheSize=
#   JVM is running with Unscaled Compressed Oops mode in which the Java heap is
#     placed in the first 4GB address space. The Java Heap base address is the
#     maximum limit for the native heap growth. Please use -XX:HeapBaseMinAddress
#     to set the Java Heap base and to place the Java Heap above 4GB virtual address.
# This output file may be truncated or incomplete.
#
#  Out of Memory Error (arena.cpp:186), pid=20508, tid=9972
#
# JRE version: OpenJDK Runtime Environment (25.0.2) (build 25.0.2+-15348964-b329.117)
# Java VM: OpenJDK 64-Bit Server VM (25.0.2+-15348964-b329.117, mixed mode, tiered, compressed oops, compressed class ptrs, g1 gc, windows-amd64)
# No core dump will be written. Minidumps are not enabled by default on client versions of Windows
#

---------------  S U M M A R Y ------------

Command Line: --add-opens=java.base/java.lang=ALL-UNNAMED --add-opens=java.base/java.lang.invoke=ALL-UNNAMED --add-opens=java.base/java.util=ALL-UNNAMED --add-opens=java.prefs/java.util.prefs=ALL-UNNAMED --add-exports=jdk.compiler/com.sun.tools.javac.api=ALL-UNNAMED --add-exports=jdk.compiler/com.sun.tools.javac.util=ALL-UNNAMED --add-opens=java.base/java.nio.charset=ALL-UNNAMED --add-opens=java.base/java.net=ALL-UNNAMED --add-opens=java.base/java.util.concurrent=ALL-UNNAMED --add-opens=java.base/java.util.concurrent.atomic=ALL-UNNAMED --add-opens=java.xml/javax.xml.namespace=ALL-UNNAMED --add-opens=java.base/java.time=ALL-UNNAMED --enable-native-access=ALL-UNNAMED -Xmx2048m -Dfile.encoding=UTF-8 -Duser.country=US -Duser.language=en -Duser.variant -javaagent:C:\Users\LENOVO\.gradle\wrapper\dists\gradle-9.5.0-bin\bvnork1r7n8i6kp5cnkibsc9q\gradle-9.5.0\lib\agents\gradle-instrumentation-agent-9.5.0.jar org.gradle.launcher.daemon.bootstrap.GradleDaemon 9.5.0

Host: AMD Ryzen 3 7320U with Radeon Graphics         , 8 cores, 5G,  Windows 11 , 64 bit Build 26100 (10.0.26100.9444)
Time: Tue Sep 22 16:16:57 2026 SE Asia Standard Time elapsed time: 144.595625 seconds (0d 0h 2m 24s)

---------------  T H R E A D  ---------------

Current thread (0x0000016e3a108820):  JavaThread "C2 CompilerThread0" daemon [_thread_in_native, id=9972, stack(0x000000687f000000,0x000000687f100000) (1024K)]


Current CompileTask:
C2:144595 11487   !   4       org.gradle.internal.classloader.FilteringClassLoader::loadClass (62 bytes)

Stack: [0x000000687f000000,0x000000687f100000]
Native frames: (J=compiled Java code, j=interpreted, Vv=VM code, C=native code)
V  [jvm.dll+0x7bd439]  (no source info available)
V  [jvm.dll+0x78763d]  (no source info available)
V  [jvm.dll+0xa0c885]  (no source info available)
V  [jvm.dll+0xa0ef04]  (no source info available)
V  [jvm.dll+0xa0f603]  (no source info available)
V  [jvm.dll+0x309bf6]  (no source info available)
V  [jvm.dll+0x10ea69]  (no source info available)
V  [jvm.dll+0x10ed92]  (no source info available)
V  [jvm.dll+0x1a9837]  (no source info available)
V  [jvm.dll+0x3bec92]  (no source info available)
V  [jvm.dll+0x7c2cb7]  (no source info available)
V  [jvm.dll+0x2ce046]  (no source info available)
V  [jvm.dll+0x2cd221]  (no source info available)
V  [jvm.dll+0x242ffa]  (no source info available)
V  [jvm.dll+0x2dcc05]  (no source info available)
V  [jvm.dll+0x2dae06]  (no source info available)
V  [jvm.dll+0x49b59e]  (no source info available)
V  [jvm.dll+0x9ab9c8]  (no source info available)
V  [jvm.dll+0x7bb985]  (no source info available)
C  [ucrtbase.dll+0x2cd30]  (no source info available)
C  [KERNEL32.DLL+0x2cd87]  (no source info available)
C  [ntdll.dll+0xacaec]  (no source info available)

Lock stack of current Java thread (top to bottom):


---------------  P R O C E S S  ---------------

Threads class SMR info:
_java_thread_list=0x0000016e43c11780, length=61, elements={
0x0000016e224f2b30, 0x0000016e3a0e4300, 0x0000016e3a0fec30, 0x0000016e3a0ffb90,
0x0000016e3a101e30, 0x0000016e3a104600, 0x0000016e3a105560, 0x0000016e3a107d30,
0x0000016e3a108820, 0x0000016e3a10d440, 0x0000016e3a586840, 0x0000016e40f6cd20,
0x0000016e3a6f0470, 0x0000016e3a5fdbe0, 0x0000016e408d0510, 0x0000016e408d1510,
0x0000016e4077fb80, 0x0000016e40780340, 0x0000016e3a3c0180, 0x0000016e3a3bda70,
0x0000016e3a3c18f0, 0x0000016e3a3c3060, 0x0000016e3a77bfc0, 0x0000016e3a77b7f0,
0x0000016e3a77a850, 0x0000016e3a780610, 0x0000016e3a7815b0, 0x0000016e3a77f670,
0x0000016e40299000, 0x0000016e402997d0, 0x0000016e40298830, 0x0000016e4029af40,
0x0000016e40298060, 0x0000016e40299fa0, 0x0000016e3aaa3000, 0x0000016e3aaa2060,
0x0000016e3aaa4770, 0x0000016e3aaa5ee0, 0x0000016e3aaa5710, 0x0000016e3aaa6e80,
0x0000016e41e91ff0, 0x0000016e40b1d0d0, 0x0000016e40b1f010, 0x0000016e40b1d8a0,
0x0000016e40b1f7e0, 0x0000016e40b20780, 0x0000016e40b1ffb0, 0x0000016e40b20f50,
0x0000016e416245b0, 0x0000016e41624d80, 0x0000016e43bb1020, 0x0000016e43bb3730,
0x0000016e43bb46d0, 0x0000016e43bb4ea0, 0x0000016e43bb17f0, 0x0000016e43bb5670,
0x0000016e43bb75b0, 0x0000016e43bb5e40, 0x0000016e43bb6610, 0x0000016e4900eab0,
0x0000016e4900b400
}

Java Threads: ( => current thread )
  0x0000016e224f2b30 JavaThread "main"                              [_thread_blocked, id=23760, stack(0x000000687e100000,0x000000687e200000) (1024K)]
  0x0000016e3a0e4300 JavaThread "Common-Cleaner"             daemon [_thread_blocked, id=1408, stack(0x000000687e900000,0x000000687ea00000) (1024K)]
  0x0000016e3a0fec30 JavaThread "Reference Handler"          daemon [_thread_blocked, id=6848, stack(0x000000687ea00000,0x000000687eb00000) (1024K)]
  0x0000016e3a0ffb90 JavaThread "Finalizer"                  daemon [_thread_blocked, id=21104, stack(0x000000687eb00000,0x000000687ec00000) (1024K)]
  0x0000016e3a101e30 JavaThread "Signal Dispatcher"          daemon [_thread_blocked, id=15472, stack(0x000000687ec00000,0x000000687ed00000) (1024K)]
  0x0000016e3a104600 JavaThread "Attach Listener"            daemon [_thread_blocked, id=24696, stack(0x000000687ed00000,0x000000687ee00000) (1024K)]
  0x0000016e3a105560 JavaThread "Service Thread"             daemon [_thread_blocked, id=21556, stack(0x000000687ee00000,0x000000687ef00000) (1024K)]
  0x0000016e3a107d30 JavaThread "Monitor Deflation Thread"   daemon [_thread_blocked, id=7944, stack(0x000000687ef00000,0x000000687f000000) (1024K)]
=>0x0000016e3a108820 JavaThread "C2 CompilerThread0"         daemon [_thread_in_native, id=9972, stack(0x000000687f000000,0x000000687f100000) (1024K)]
  0x0000016e3a10d440 JavaThread "C1 CompilerThread0"         daemon [_thread_blocked, id=1580, stack(0x000000687f100000,0x000000687f200000) (1024K)]
  0x0000016e3a586840 JavaThread "Notification Thread"        daemon [_thread_blocked, id=25048, stack(0x000000687f200000,0x000000687f300000) (1024K)]
  0x0000016e40f6cd20 JavaThread "Daemon health stats"               [_thread_blocked, id=22252, stack(0x000000687f800000,0x000000687f900000) (1024K)]
  0x0000016e3a6f0470 JavaThread "Incoming local TCP Connector on port 53289"        [_thread_in_native, id=23684, stack(0x000000687f900000,0x000000687fa00000) (1024K)]
  0x0000016e3a5fdbe0 JavaThread "Daemon periodic checks"            [_thread_blocked, id=4988, stack(0x000000687fa00000,0x000000687fb00000) (1024K)]
  0x0000016e408d0510 JavaThread "Daemon"                            [_thread_blocked, id=3456, stack(0x000000687fb00000,0x000000687fc00000) (1024K)]
  0x0000016e408d1510 JavaThread "Handler for socket connection from /127.0.0.1:53289 to /127.0.0.1:53290"        [_thread_in_native, id=22216, stack(0x000000687fc00000,0x000000687fd00000) (1024K)]
  0x0000016e4077fb80 JavaThread "Cancel handler"                    [_thread_blocked, id=21572, stack(0x0000006800000000,0x0000006800100000) (1024K)]
  0x0000016e40780340 JavaThread "Daemon worker"                     [_thread_in_native, id=4748, stack(0x0000006800100000,0x0000006800200000) (1024K)]
  0x0000016e3a3c0180 JavaThread "Asynchronous log dispatcher for DefaultDaemonConnection: socket connection from /127.0.0.1:53289 to /127.0.0.1:53290"        [_thread_blocked, id=14592, stack(0x0000006800200000,0x0000006800300000) (1024K)]
  0x0000016e3a3bda70 JavaThread "Stdin handler"                     [_thread_blocked, id=14860, stack(0x0000006800300000,0x0000006800400000) (1024K)]
  0x0000016e3a3c18f0 JavaThread "Daemon client event forwarder"        [_thread_blocked, id=5784, stack(0x0000006800400000,0x0000006800500000) (1024K)]
  0x0000016e3a3c3060 JavaThread "Cache worker for journal cache (C:\Users\LENOVO\.gradle\caches\journal-1)"        [_thread_blocked, id=3324, stack(0x0000006800500000,0x0000006800600000) (1024K)]
  0x0000016e3a77bfc0 JavaThread "File lock request listener"        [_thread_in_native, id=6360, stack(0x0000006800600000,0x0000006800700000) (1024K)]
  0x0000016e3a77b7f0 JavaThread "Cache worker for file hash cache (C:\Users\LENOVO\.gradle\caches\9.5.0\fileHashes)"        [_thread_blocked, id=16200, stack(0x0000006800700000,0x0000006800800000) (1024K)]
  0x0000016e3a77a850 JavaThread "Cache worker for file hash cache (C:\Users\LENOVO\AndroidStudioProjects\HalamanTiket\.gradle\9.5.0\fileHashes)"        [_thread_blocked, id=24472, stack(0x0000006800800000,0x0000006800900000) (1024K)]
  0x0000016e3a780610 JavaThread "Cache worker for Build Output Cleanup Cache (C:\Users\LENOVO\AndroidStudioProjects\HalamanTiket\.gradle\buildOutputCleanup)"        [_thread_blocked, id=8480, stack(0x0000006800900000,0x0000006800a00000) (1024K)]
  0x0000016e3a7815b0 JavaThread "File watcher server"        daemon [_thread_in_native, id=10096, stack(0x0000006800a00000,0x0000006800b00000) (1024K)]
  0x0000016e3a77f670 JavaThread "File watcher consumer"      daemon [_thread_blocked, id=21532, stack(0x0000006800b00000,0x0000006800c00000) (1024K)]
  0x0000016e40299000 JavaThread "jar transforms"                    [_thread_blocked, id=14412, stack(0x0000006800c00000,0x0000006800d00000) (1024K)]
  0x0000016e402997d0 JavaThread "jar transforms Thread 2"           [_thread_blocked, id=20052, stack(0x0000006800d00000,0x0000006800e00000) (1024K)]
  0x0000016e40298830 JavaThread "jar transforms Thread 3"           [_thread_blocked, id=14536, stack(0x0000006800e00000,0x0000006800f00000) (1024K)]
  0x0000016e4029af40 JavaThread "jar transforms Thread 4"           [_thread_blocked, id=11424, stack(0x0000006800f00000,0x0000006801000000) (1024K)]
  0x0000016e40298060 JavaThread "jar transforms Thread 5"           [_thread_blocked, id=21328, stack(0x0000006801000000,0x0000006801100000) (1024K)]
  0x0000016e40299fa0 JavaThread "jar transforms Thread 6"           [_thread_blocked, id=24640, stack(0x0000006801100000,0x0000006801200000) (1024K)]
  0x0000016e3aaa3000 JavaThread "jar transforms Thread 7"           [_thread_blocked, id=11792, stack(0x0000006801200000,0x0000006801300000) (1024K)]
  0x0000016e3aaa2060 JavaThread "jar transforms Thread 8"           [_thread_blocked, id=19928, stack(0x0000006801300000,0x0000006801400000) (1024K)]
  0x0000016e3aaa4770 JavaThread "Cache worker for file content cache (C:\Users\LENOVO\.gradle\caches\9.5.0\fileContent)"        [_thread_blocked, id=2312, stack(0x0000006801400000,0x0000006801500000) (1024K)]
  0x0000016e3aaa5ee0 JavaThread "Cache worker for checksums cache (C:\Users\LENOVO\AndroidStudioProjects\HalamanTiket\.gradle\9.5.0\checksums)"        [_thread_blocked, id=21096, stack(0x0000006801500000,0x0000006801600000) (1024K)]
  0x0000016e3aaa5710 JavaThread "Cache worker for cache directory md-supplier (C:\Users\LENOVO\.gradle\caches\9.5.0\md-supplier)"        [_thread_blocked, id=22108, stack(0x0000006801600000,0x0000006801700000) (1024K)]
  0x0000016e3aaa6e80 JavaThread "Cache worker for cache directory md-rule (C:\Users\LENOVO\.gradle\caches\9.5.0\md-rule)"        [_thread_blocked, id=25004, stack(0x0000006801700000,0x0000006801800000) (1024K)]
  0x0000016e41e91ff0 JavaThread "Build operations"                  [_thread_blocked, id=10764, stack(0x0000006801800000,0x0000006801900000) (1024K)]
  0x0000016e40b1d0d0 JavaThread "Build operations Thread 2"         [_thread_blocked, id=13620, stack(0x0000006801900000,0x0000006801a00000) (1024K)]
  0x0000016e40b1f010 JavaThread "Build operations Thread 3"         [_thread_blocked, id=4492, stack(0x0000006801a00000,0x0000006801b00000) (1024K)]
  0x0000016e40b1d8a0 JavaThread "Build operations Thread 4"         [_thread_blocked, id=10424, stack(0x0000006801b00000,0x0000006801c00000) (1024K)]
  0x0000016e40b1f7e0 JavaThread "Build operations Thread 5"         [_thread_blocked, id=148, stack(0x0000006801c00000,0x0000006801d00000) (1024K)]
  0x0000016e40b20780 JavaThread "Build operations Thread 6"         [_thread_blocked, id=25244, stack(0x0000006801d00000,0x0000006801e00000) (1024K)]
  0x0000016e40b1ffb0 JavaThread "Build operations Thread 7"         [_thread_blocked, id=14828, stack(0x0000006801e00000,0x0000006801f00000) (1024K)]
  0x0000016e40b20f50 JavaThread "Build operations Thread 8"         [_thread_blocked, id=12560, stack(0x0000006801f00000,0x0000006802000000) (1024K)]
  0x0000016e416245b0 JavaThread "File lock release action executor"        [_thread_blocked, id=20076, stack(0x0000006802000000,0x0000006802100000) (1024K)]
  0x0000016e41624d80 JavaThread "Memory manager"                    [_thread_blocked, id=1528, stack(0x0000006802100000,0x0000006802200000) (1024K)]
  0x0000016e43bb1020 JavaThread "pool-3-thread-1"                   [_thread_blocked, id=4244, stack(0x0000006802200000,0x0000006802300000) (1024K)]
  0x0000016e43bb3730 JavaThread "included builds"                   [_thread_blocked, id=20612, stack(0x0000006802300000,0x0000006802400000) (1024K)]
  0x0000016e43bb46d0 JavaThread "Execution worker"                  [_thread_blocked, id=10888, stack(0x0000006802400000,0x0000006802500000) (1024K)]
  0x0000016e43bb4ea0 JavaThread "Execution worker Thread 2"         [_thread_blocked, id=19548, stack(0x0000006802500000,0x0000006802600000) (1024K)]
  0x0000016e43bb17f0 JavaThread "Execution worker Thread 3"         [_thread_blocked, id=9928, stack(0x0000006802600000,0x0000006802700000) (1024K)]
  0x0000016e43bb5670 JavaThread "Execution worker Thread 4"         [_thread_blocked, id=17524, stack(0x0000006802700000,0x0000006802800000) (1024K)]
  0x0000016e43bb75b0 JavaThread "Execution worker Thread 5"         [_thread_blocked, id=22408, stack(0x0000006802800000,0x0000006802900000) (1024K)]
  0x0000016e43bb5e40 JavaThread "Execution worker Thread 6"         [_thread_blocked, id=3440, stack(0x0000006802900000,0x0000006802a00000) (1024K)]
  0x0000016e43bb6610 JavaThread "Execution worker Thread 7"         [_thread_blocked, id=19492, stack(0x0000006802a00000,0x0000006802b00000) (1024K)]
  0x0000016e4900eab0 JavaThread "Cache worker for execution history cache (C:\Users\LENOVO\AndroidStudioProjects\HalamanTiket\.gradle\9.5.0\executionHistory)"        [_thread_blocked, id=1796, stack(0x0000006802b00000,0x0000006802c00000) (1024K)]
  0x0000016e4900b400 JavaThread "idea-tooling-model-converter"        [_thread_in_native, id=3280, stack(0x0000006802c00000,0x0000006802d00000) (1024K)]
Total: 61

Other Threads:
  0x0000016e3a0c0030 VMThread "VM Thread"                           [id=3036, stack(0x000000687e800000,0x000000687e900000) (1024K)]
  0x0000016e3a085710 WatcherThread "VM Periodic Task Thread"        [id=17096, stack(0x000000687e700000,0x000000687e800000) (1024K)]
  0x0000016e2014e060 WorkerThread "GC Thread#0"                     [id=12132, stack(0x000000687e200000,0x000000687e300000) (1024K)]
  0x0000016e3a888550 WorkerThread "GC Thread#1"                     [id=15016, stack(0x000000687f300000,0x000000687f400000) (1024K)]
  0x0000016e3a862c70 WorkerThread "GC Thread#2"                     [id=24780, stack(0x000000687f400000,0x000000687f500000) (1024K)]
  0x0000016e3a8630a0 WorkerThread "GC Thread#3"                     [id=6068, stack(0x000000687f500000,0x000000687f600000) (1024K)]
  0x0000016e3a8634d0 WorkerThread "GC Thread#4"                     [id=4340, stack(0x000000687f600000,0x000000687f700000) (1024K)]
  0x0000016e3aaab180 WorkerThread "GC Thread#5"                     [id=4276, stack(0x000000687f700000,0x000000687f800000) (1024K)]
  0x0000016e3a6d7610 WorkerThread "GC Thread#6"                     [id=23848, stack(0x000000687fd00000,0x000000687fe00000) (1024K)]
  0x0000016e3a6d7a60 WorkerThread "GC Thread#7"                     [id=21708, stack(0x000000687fe00000,0x000000687ff00000) (1024K)]
  0x0000016e22560750 ConcurrentGCThread "G1 Main Marker"            [id=8948, stack(0x000000687e300000,0x000000687e400000) (1024K)]
  0x0000016e22562130 WorkerThread "G1 Conc#0"                       [id=7292, stack(0x000000687e400000,0x000000687e500000) (1024K)]
  0x0000016e3a6d4250 WorkerThread "G1 Conc#1"                       [id=10692, stack(0x000000687ff00000,0x0000006880000000) (1024K)]
  0x0000016e225a97e0 ConcurrentGCThread "G1 Refine#0"               [id=24816, stack(0x000000687e500000,0x000000687e600000) (1024K)]
  0x0000016e39f58090 ConcurrentGCThread "G1 Service"                [id=15028, stack(0x000000687e600000,0x000000687e700000) (1024K)]
Total: 15

Threads with active compile tasks:
C2 CompilerThread0  144757 11487   !   4       org.gradle.internal.classloader.FilteringClassLoader::loadClass (62 bytes)
C1 CompilerThread0  144757 11539       3       org.gradle.internal.typeconversion.NotationParserBuilder::toType (18 bytes)
Total: 2

VM state: not at safepoint (normal execution)

VM Mutex/Monitor currently owned by a thread: None

Heap address: 0x0000000080000000, size: 2048 MB, Compressed Oops mode: 32-bit

CDS archive(s) not mapped
Compressed class space mapped at: 0x0000000016000000-0x0000000056000000, reserved size: 1073741824
UseCompressedClassPointers 1, UseCompactObjectHeaders 0
Narrow klass pointer bits 32, Max shift 3
Narrow klass base: 0x0000000000000000, Narrow klass shift: 0
Encoding Range: [0x0000000000000000 - 0x0000000100000000), (4294967296 bytes)
Klass Range:    [0x0000000016000000 - 0x0000000056000000), (1073741824 bytes)
Klass ID Range:  [369098752 - 1442840569) (1073741817)
No protection zone.

GC Precious Log:
 CardTable entry size: 512
 Card Set container configuration: InlinePtr #cards 5 size 8 Array Of Cards #cards 10 size 36 Howl #buckets 4 coarsen threshold 1843 Howl Bitmap #cards 512 size 80 coarsen threshold 460 Card regions per heap region 1 cards per card region 2048
 CPUs: 8 total, 8 available
 Memory: 5965M
 Large Page Support: Disabled
 NUMA Support: Disabled
 Compressed Oops: Enabled (32-bit)
 Heap Region Size: 1M
 Heap Min Capacity: 8M
 Heap Initial Capacity: 94M
 Heap Max Capacity: 2G
 Pre-touch: Disabled
 Parallel Workers: 8
 Concurrent Workers: 2
 Concurrent Refinement Workers: 8
 Periodic GC: Disabled

Heap:
 garbage-first heap   total reserved 2097152K, committed 198656K, used 124787K [0x0000000080000000, 0x0000000100000000)
  region size 1024K, 16 young (16384K), 8 survivors (8192K)

Heap Regions: E=young(eden), S=young(survivor), O=old, HS=humongous(starts), HC=humongous(continues), CS=collection set, F=free, TAMS=top-at-mark-start, PB=parsable bottom
|   0|0x0000000080000000, 0x0000000080100000, 0x0000000080100000|100%|HS|  |TAMS 0x0000000080000000| PB 0x0000000080000000| Complete |  0
|   1|0x0000000080100000, 0x0000000080200000, 0x0000000080200000|100%|HC|  |TAMS 0x0000000080100000| PB 0x0000000080100000| Complete |  0
|   2|0x0000000080200000, 0x0000000080300000, 0x0000000080300000|100%|HC|  |TAMS 0x0000000080200000| PB 0x0000000080200000| Complete |  0
|   3|0x0000000080300000, 0x0000000080400000, 0x0000000080400000|100%|HC|  |TAMS 0x0000000080300000| PB 0x0000000080300000| Complete |  0
|   4|0x0000000080400000, 0x0000000080500000, 0x0000000080500000|100%| O|  |TAMS 0x0000000080400000| PB 0x0000000080400000| Untracked |  0
|   5|0x0000000080500000, 0x0000000080600000, 0x0000000080600000|100%| O|  |TAMS 0x0000000080500000| PB 0x0000000080500000| Untracked |  0
|   6|0x0000000080600000, 0x0000000080700000, 0x0000000080700000|100%| O|  |TAMS 0x0000000080600000| PB 0x0000000080600000| Untracked |  0
|   7|0x0000000080700000, 0x0000000080800000, 0x0000000080800000|100%|HS|  |TAMS 0x0000000080700000| PB 0x0000000080700000| Complete |  0
|   8|0x0000000080800000, 0x0000000080900000, 0x0000000080900000|100%| O|  |TAMS 0x0000000080800000| PB 0x0000000080800000| Untracked |  0
|   9|0x0000000080900000, 0x0000000080a00000, 0x0000000080a00000|100%| O|  |TAMS 0x0000000080900000| PB 0x0000000080900000| Untracked |  0
|  10|0x0000000080a00000, 0x0000000080b00000, 0x0000000080b00000|100%| O|  |TAMS 0x0000000080a00000| PB 0x0000000080a00000| Untracked |  0
|  11|0x0000000080b00000, 0x0000000080c00000, 0x0000000080c00000|100%| O|  |TAMS 0x0000000080b00000| PB 0x0000000080b00000| Untracked |  0
|  12|0x0000000080c00000, 0x0000000080d00000, 0x0000000080d00000|100%| O|  |TAMS 0x0000000080c00000| PB 0x0000000080c00000| Untracked |  0
|  13|0x0000000080d00000, 0x0000000080e00000, 0x0000000080e00000|100%| O|  |TAMS 0x0000000080d00000| PB 0x0000000080d00000| Untracked |  0
|  14|0x0000000080e00000, 0x0000000080f00000, 0x0000000080f00000|100%| O|  |TAMS 0x0000000080e00000| PB 0x0000000080e00000| Untracked |  0
|  15|0x0000000080f00000, 0x0000000081000000, 0x0000000081000000|100%| O|  |TAMS 0x0000000080f00000| PB 0x0000000080f00000| Untracked |  0
|  16|0x0000000081000000, 0x0000000081100000, 0x0000000081100000|100%| O|  |TAMS 0x0000000081000000| PB 0x0000000081000000| Untracked |  0
|  17|0x0000000081100000, 0x0000000081200000, 0x0000000081200000|100%| O|  |TAMS 0x0000000081100000| PB 0x0000000081100000| Untracked |  0
|  18|0x0000000081200000, 0x0000000081300000, 0x0000000081300000|100%| O|  |TAMS 0x0000000081200000| PB 0x0000000081200000| Untracked |  0
|  19|0x0000000081300000, 0x0000000081400000, 0x0000000081400000|100%| O|  |TAMS 0x0000000081300000| PB 0x0000000081300000| Untracked |  0
|  20|0x0000000081400000, 0x0000000081500000, 0x0000000081500000|100%| O|  |TAMS 0x0000000081400000| PB 0x0000000081400000| Untracked |  0
|  21|0x0000000081500000, 0x0000000081600000, 0x0000000081600000|100%| O|  |TAMS 0x0000000081500000| PB 0x0000000081500000| Untracked |  0
|  22|0x0000000081600000, 0x0000000081700000, 0x0000000081700000|100%| O|  |TAMS 0x0000000081600000| PB 0x0000000081600000| Untracked |  0
|  23|0x0000000081700000, 0x0000000081800000, 0x0000000081800000|100%| O|  |TAMS 0x0000000081700000| PB 0x0000000081700000| Untracked |  0
|  24|0x0000000081800000, 0x0000000081900000, 0x0000000081900000|100%| O|  |TAMS 0x0000000081800000| PB 0x0000000081800000| Untracked |  0
|  25|0x0000000081900000, 0x0000000081a00000, 0x0000000081a00000|100%|HS|  |TAMS 0x0000000081900000| PB 0x0000000081900000| Complete |  0
|  26|0x0000000081a00000, 0x0000000081b00000, 0x0000000081b00000|100%|HC|  |TAMS 0x0000000081a00000| PB 0x0000000081a00000| Complete |  0
|  27|0x0000000081b00000, 0x0000000081c00000, 0x0000000081c00000|100%|HC|  |TAMS 0x0000000081b00000| PB 0x0000000081b00000| Complete |  0
|  28|0x0000000081c00000, 0x0000000081d00000, 0x0000000081d00000|100%|HC|  |TAMS 0x0000000081c00000| PB 0x0000000081c00000| Complete |  0
|  29|0x0000000081d00000, 0x0000000081e00000, 0x0000000081e00000|100%|HC|  |TAMS 0x0000000081d00000| PB 0x0000000081d00000| Complete |  0
|  30|0x0000000081e00000, 0x0000000081f00000, 0x0000000081f00000|100%|HC|  |TAMS 0x0000000081e00000| PB 0x0000000081e00000| Complete |  0
|  31|0x0000000081f00000, 0x0000000082000000, 0x0000000082000000|100%|HS|  |TAMS 0x0000000081f00000| PB 0x0000000081f00000| Complete |  0
|  32|0x0000000082000000, 0x0000000082100000, 0x0000000082100000|100%|HS|  |TAMS 0x0000000082000000| PB 0x0000000082000000| Complete |  0
|  33|0x0000000082100000, 0x0000000082200000, 0x0000000082200000|100%| O|  |TAMS 0x0000000082100000| PB 0x0000000082100000| Untracked |  0
|  34|0x0000000082200000, 0x0000000082300000, 0x0000000082300000|100%| O|  |TAMS 0x0000000082200000| PB 0x0000000082200000| Untracked |  0
|  35|0x0000000082300000, 0x0000000082400000, 0x0000000082400000|100%| O|  |TAMS 0x0000000082300000| PB 0x0000000082300000| Untracked |  0
|  36|0x0000000082400000, 0x0000000082500000, 0x0000000082500000|100%| O|  |TAMS 0x0000000082400000| PB 0x0000000082400000| Untracked |  0
|  37|0x0000000082500000, 0x0000000082600000, 0x0000000082600000|100%| O|  |TAMS 0x0000000082500000| PB 0x0000000082500000| Untracked |  0
|  38|0x0000000082600000, 0x0000000082700000, 0x0000000082700000|100%| O|  |TAMS 0x0000000082600000| PB 0x0000000082600000| Untracked |  0
|  39|0x0000000082700000, 0x0000000082800000, 0x0000000082800000|100%|HS|  |TAMS 0x0000000082700000| PB 0x0000000082700000| Complete |  0
|  40|0x0000000082800000, 0x0000000082900000, 0x0000000082900000|100%|HC|  |TAMS 0x0000000082800000| PB 0x0000000082800000| Complete |  0
|  41|0x0000000082900000, 0x0000000082a00000, 0x0000000082a00000|100%|HC|  |TAMS 0x0000000082900000| PB 0x0000000082900000| Complete |  0
|  42|0x0000000082a00000, 0x0000000082b00000, 0x0000000082b00000|100%|HC|  |TAMS 0x0000000082a00000| PB 0x0000000082a00000| Complete |  0
|  43|0x0000000082b00000, 0x0000000082c00000, 0x0000000082c00000|100%|HC|  |TAMS 0x0000000082b00000| PB 0x0000000082b00000| Complete |  0
|  44|0x0000000082c00000, 0x0000000082d00000, 0x0000000082d00000|100%|HC|  |TAMS 0x0000000082c00000| PB 0x0000000082c00000| Complete |  0
|  45|0x0000000082d00000, 0x0000000082e00000, 0x0000000082e00000|100%|HS|  |TAMS 0x0000000082d00000| PB 0x0000000082d00000| Complete |  0
|  46|0x0000000082e00000, 0x0000000082f00000, 0x0000000082f00000|100%|HS|  |TAMS 0x0000000082e00000| PB 0x0000000082e00000| Complete |  0
|  47|0x0000000082f00000, 0x0000000083000000, 0x0000000083000000|100%| O|  |TAMS 0x0000000082f00000| PB 0x0000000082f00000| Untracked |  0
|  48|0x0000000083000000, 0x0000000083100000, 0x0000000083100000|100%| O|  |TAMS 0x0000000083000000| PB 0x0000000083000000| Untracked |  0
|  49|0x0000000083100000, 0x0000000083200000, 0x0000000083200000|100%| O|  |TAMS 0x0000000083100000| PB 0x0000000083100000| Untracked |  0
|  50|0x0000000083200000, 0x0000000083300000, 0x0000000083300000|100%| O|  |TAMS 0x0000000083200000| PB 0x0000000083200000| Untracked |  0
|  51|0x0000000083300000, 0x0000000083400000, 0x0000000083400000|100%|HS|  |TAMS 0x0000000083300000| PB 0x0000000083300000| Complete |  0
|  52|0x0000000083400000, 0x0000000083500000, 0x0000000083500000|100%| O|  |TAMS 0x0000000083400000| PB 0x0000000083400000| Untracked |  0
|  53|0x0000000083500000, 0x0000000083600000, 0x0000000083600000|100%| O|  |TAMS 0x0000000083500000| PB 0x0000000083500000| Untracked |  0
|  54|0x0000000083600000, 0x0000000083700000, 0x0000000083700000|100%| O|  |TAMS 0x0000000083600000| PB 0x0000000083600000| Untracked |  0
|  55|0x0000000083700000, 0x0000000083800000, 0x0000000083800000|100%| O|  |TAMS 0x0000000083700000| PB 0x0000000083700000| Untracked |  0
|  56|0x0000000083800000, 0x0000000083900000, 0x0000000083900000|100%| O|  |TAMS 0x0000000083800000| PB 0x0000000083800000| Untracked |  0
|  57|0x0000000083900000, 0x0000000083a00000, 0x0000000083a00000|100%| O|  |TAMS 0x0000000083900000| PB 0x0000000083900000| Untracked |  0
|  58|0x0000000083a00000, 0x0000000083b00000, 0x0000000083b00000|100%| O|  |TAMS 0x0000000083a00000| PB 0x0000000083a00000| Untracked |  0
|  59|0x0000000083b00000, 0x0000000083c00000, 0x0000000083c00000|100%| O|  |TAMS 0x0000000083b00000| PB 0x0000000083b00000| Untracked |  0
|  60|0x0000000083c00000, 0x0000000083d00000, 0x0000000083d00000|100%| O|  |TAMS 0x0000000083c00000| PB 0x0000000083c00000| Untracked |  0
|  61|0x0000000083d00000, 0x0000000083e00000, 0x0000000083e00000|100%| O|  |TAMS 0x0000000083d00000| PB 0x0000000083d00000| Untracked |  0
|  62|0x0000000083e00000, 0x0000000083f00000, 0x0000000083f00000|100%| O|  |TAMS 0x0000000083e00000| PB 0x0000000083e00000| Untracked |  0
|  63|0x0000000083f00000, 0x0000000084000000, 0x0000000084000000|100%| O|  |TAMS 0x0000000083f00000| PB 0x0000000083f00000| Untracked |  0
|  64|0x0000000084000000, 0x0000000084100000, 0x0000000084100000|100%| O|  |TAMS 0x0000000084000000| PB 0x0000000084000000| Untracked |  0
|  65|0x0000000084100000, 0x0000000084200000, 0x0000000084200000|100%| O|  |TAMS 0x0000000084100000| PB 0x0000000084100000| Untracked |  0
|  66|0x0000000084200000, 0x0000000084300000, 0x0000000084300000|100%| O|  |TAMS 0x0000000084200000| PB 0x0000000084200000| Untracked |  0
|  67|0x0000000084300000, 0x0000000084400000, 0x0000000084400000|100%| O|  |TAMS 0x0000000084300000| PB 0x0000000084300000| Untracked |  0
|  68|0x0000000084400000, 0x0000000084500000, 0x0000000084500000|100%|HS|  |TAMS 0x0000000084400000| PB 0x0000000084400000| Complete |  0
|  69|0x0000000084500000, 0x0000000084600000, 0x0000000084600000|100%|HS|  |TAMS 0x0000000084500000| PB 0x0000000084500000| Complete |  0
|  70|0x0000000084600000, 0x0000000084700000, 0x0000000084700000|100%|HS|  |TAMS 0x0000000084600000| PB 0x0000000084600000| Complete |  0
|  71|0x0000000084700000, 0x0000000084800000, 0x0000000084800000|100%|HC|  |TAMS 0x0000000084700000| PB 0x0000000084700000| Complete |  0
|  72|0x0000000084800000, 0x0000000084900000, 0x0000000084900000|100%|HS|  |TAMS 0x0000000084800000| PB 0x0000000084800000| Complete |  0
|  73|0x0000000084900000, 0x0000000084a00000, 0x0000000084a00000|100%|HS|  |TAMS 0x0000000084900000| PB 0x0000000084900000| Complete |  0
|  74|0x0000000084a00000, 0x0000000084b00000, 0x0000000084b00000|100%|HS|  |TAMS 0x0000000084a00000| PB 0x0000000084a00000| Complete |  0
|  75|0x0000000084b00000, 0x0000000084c00000, 0x0000000084c00000|100%| O|  |TAMS 0x0000000084b00000| PB 0x0000000084b00000| Untracked |  0
|  76|0x0000000084c00000, 0x0000000084d00000, 0x0000000084d00000|100%|HS|  |TAMS 0x0000000084c00000| PB 0x0000000084c00000| Complete |  0
|  77|0x0000000084d00000, 0x0000000084e00000, 0x0000000084e00000|100%|HS|  |TAMS 0x0000000084d00000| PB 0x0000000084d00000| Complete |  0
|  78|0x0000000084e00000, 0x0000000084f00000, 0x0000000084f00000|100%| O|  |TAMS 0x0000000084e00000| PB 0x0000000084e00000| Untracked |  0
|  79|0x0000000084f00000, 0x0000000085000000, 0x0000000085000000|100%| O|  |TAMS 0x0000000084f00000| PB 0x0000000084f00000| Untracked |  0
|  80|0x0000000085000000, 0x0000000085100000, 0x0000000085100000|100%| O|  |TAMS 0x0000000085000000| PB 0x0000000085000000| Untracked |  0
|  81|0x0000000085100000, 0x0000000085200000, 0x0000000085200000|100%|HS|  |TAMS 0x0000000085100000| PB 0x0000000085100000| Complete |  0
|  82|0x0000000085200000, 0x0000000085300000, 0x0000000085300000|100%|HC|  |TAMS 0x0000000085200000| PB 0x0000000085200000| Complete |  0
|  83|0x0000000085300000, 0x0000000085400000, 0x0000000085400000|100%| O|  |TAMS 0x0000000085300000| PB 0x0000000085300000| Untracked |  0
|  84|0x0000000085400000, 0x0000000085500000, 0x0000000085500000|100%| O|  |TAMS 0x0000000085400000| PB 0x0000000085400000| Untracked |  0
|  85|0x0000000085500000, 0x0000000085600000, 0x0000000085600000|100%| O|  |TAMS 0x0000000085500000| PB 0x0000000085500000| Untracked |  0
|  86|0x0000000085600000, 0x0000000085700000, 0x0000000085700000|100%| O|  |TAMS 0x0000000085600000| PB 0x0000000085600000| Untracked |  0
|  87|0x0000000085700000, 0x0000000085800000, 0x0000000085800000|100%| O|  |TAMS 0x0000000085700000| PB 0x0000000085700000| Untracked |  0
|  88|0x0000000085800000, 0x0000000085900000, 0x0000000085900000|100%|HS|  |TAMS 0x0000000085800000| PB 0x0000000085800000| Complete |  0
|  89|0x0000000085900000, 0x0000000085a00000, 0x0000000085a00000|100%| O|  |TAMS 0x0000000085900000| PB 0x0000000085900000| Untracked |  0
|  90|0x0000000085a00000, 0x0000000085b00000, 0x0000000085b00000|100%| O|  |TAMS 0x0000000085a00000| PB 0x0000000085a00000| Untracked |  0
|  91|0x0000000085b00000, 0x0000000085c00000, 0x0000000085c00000|100%| O|  |TAMS 0x0000000085b00000| PB 0x0000000085b00000| Untracked |  0
|  92|0x0000000085c00000, 0x0000000085d00000, 0x0000000085d00000|100%| O|  |TAMS 0x0000000085c00000| PB 0x0000000085c00000| Untracked |  0
|  93|0x0000000085d00000, 0x0000000085e00000, 0x0000000085e00000|100%| O|  |TAMS 0x0000000085d00000| PB 0x0000000085d00000| Untracked |  0
|  94|0x0000000085e00000, 0x0000000085f00000, 0x0000000085f00000|100%| O|  |TAMS 0x0000000085e00000| PB 0x0000000085e00000| Untracked |  0
|  95|0x0000000085f00000, 0x0000000086000000, 0x0000000086000000|100%| O|Cm|TAMS 0x0000000085f00000| PB 0x0000000085f00000| Complete |  0
|  96|0x0000000086000000, 0x0000000086100000, 0x0000000086100000|100%| O|  |TAMS 0x0000000086000000| PB 0x0000000086000000| Untracked |  0
|  97|0x0000000086100000, 0x0000000086200000, 0x0000000086200000|100%| O|Cm|TAMS 0x0000000086100000| PB 0x0000000086100000| Complete |  0
|  98|0x0000000086200000, 0x0000000086200000, 0x0000000086300000|  0%| F|  |TAMS 0x0000000086200000| PB 0x0000000086200000| Untracked |  0
|  99|0x0000000086300000, 0x0000000086300000, 0x0000000086400000|  0%| F|  |TAMS 0x0000000086300000| PB 0x0000000086300000| Untracked |  0
| 100|0x0000000086400000, 0x0000000086400000, 0x0000000086500000|  0%| F|  |TAMS 0x0000000086400000| PB 0x0000000086400000| Untracked |  0
| 101|0x0000000086500000, 0x0000000086500000, 0x0000000086600000|  0%| F|  |TAMS 0x0000000086500000| PB 0x0000000086500000| Untracked |  0
| 102|0x0000000086600000, 0x0000000086600000, 0x0000000086700000|  0%| F|  |TAMS 0x0000000086600000| PB 0x0000000086600000| Untracked |  0
| 103|0x0000000086700000, 0x0000000086700000, 0x0000000086800000|  0%| F|  |TAMS 0x0000000086700000| PB 0x0000000086700000| Untracked |  0
| 104|0x0000000086800000, 0x0000000086800000, 0x0000000086900000|  0%| F|  |TAMS 0x0000000086800000| PB 0x0000000086800000| Untracked |  0
| 105|0x0000000086900000, 0x0000000086900000, 0x0000000086a00000|  0%| F|  |TAMS 0x0000000086900000| PB 0x0000000086900000| Untracked |  0
| 106|0x0000000086a00000, 0x0000000086a00000, 0x0000000086b00000|  0%| F|  |TAMS 0x0000000086a00000| PB 0x0000000086a00000| Untracked |  0
| 107|0x0000000086b00000, 0x0000000086b00000, 0x0000000086c00000|  0%| F|  |TAMS 0x0000000086b00000| PB 0x0000000086b00000| Untracked |  0
| 108|0x0000000086c00000, 0x0000000086cdcc70, 0x0000000086d00000| 86%| O|  |TAMS 0x0000000086c00000| PB 0x0000000086c00000| Untracked |  0
| 109|0x0000000086d00000, 0x0000000086d00000, 0x0000000086e00000|  0%| F|  |TAMS 0x0000000086d00000| PB 0x0000000086d00000| Untracked |  0
| 110|0x0000000086e00000, 0x0000000086e00000, 0x0000000086f00000|  0%| F|  |TAMS 0x0000000086e00000| PB 0x0000000086e00000| Untracked |  0
| 111|0x0000000086f00000, 0x0000000086f00000, 0x0000000087000000|  0%| F|  |TAMS 0x0000000086f00000| PB 0x0000000086f00000| Untracked |  0
| 112|0x0000000087000000, 0x0000000087000000, 0x0000000087100000|  0%| F|  |TAMS 0x0000000087000000| PB 0x0000000087000000| Untracked |  0
| 113|0x0000000087100000, 0x0000000087100000, 0x0000000087200000|  0%| F|  |TAMS 0x0000000087100000| PB 0x0000000087100000| Untracked |  0
| 114|0x0000000087200000, 0x0000000087200000, 0x0000000087300000|  0%| F|  |TAMS 0x0000000087200000| PB 0x0000000087200000| Untracked |  0
| 115|0x0000000087300000, 0x0000000087300000, 0x0000000087400000|  0%| F|  |TAMS 0x0000000087300000| PB 0x0000000087300000| Untracked |  0
| 116|0x0000000087400000, 0x0000000087500000, 0x0000000087500000|100%| S|CS|TAMS 0x0000000087400000| PB 0x0000000087400000| Complete |  0
| 117|0x0000000087500000, 0x0000000087600000, 0x0000000087600000|100%| S|CS|TAMS 0x0000000087500000| PB 0x0000000087500000| Complete |  0
| 118|0x0000000087600000, 0x0000000087700000, 0x0000000087700000|100%| S|CS|TAMS 0x0000000087600000| PB 0x0000000087600000| Complete |  0
| 119|0x0000000087700000, 0x0000000087800000, 0x0000000087800000|100%| S|CS|TAMS 0x0000000087700000| PB 0x0000000087700000| Complete |  0
| 120|0x0000000087800000, 0x0000000087900000, 0x0000000087900000|100%| S|CS|TAMS 0x0000000087800000| PB 0x0000000087800000| Complete |  0
| 121|0x0000000087900000, 0x0000000087a00000, 0x0000000087a00000|100%| S|CS|TAMS 0x0000000087900000| PB 0x0000000087900000| Complete |  0
| 122|0x0000000087a00000, 0x0000000087b00000, 0x0000000087b00000|100%| S|CS|TAMS 0x0000000087a00000| PB 0x0000000087a00000| Complete |  0
| 123|0x0000000087b00000, 0x0000000087c00000, 0x0000000087c00000|100%| S|CS|TAMS 0x0000000087b00000| PB 0x0000000087b00000| Complete |  0
| 124|0x0000000087c00000, 0x0000000087c00000, 0x0000000087d00000|  0%| F|  |TAMS 0x0000000087c00000| PB 0x0000000087c00000| Untracked |  0
| 125|0x0000000087d00000, 0x0000000087d00000, 0x0000000087e00000|  0%| F|  |TAMS 0x0000000087d00000| PB 0x0000000087d00000| Untracked |  0
| 126|0x0000000087e00000, 0x0000000087e00000, 0x0000000087f00000|  0%| F|  |TAMS 0x0000000087e00000| PB 0x0000000087e00000| Untracked |  0
| 127|0x0000000087f00000, 0x0000000087f00000, 0x0000000088000000|  0%| F|  |TAMS 0x0000000087f00000| PB 0x0000000087f00000| Untracked |  0
| 128|0x0000000088000000, 0x0000000088000000, 0x0000000088100000|  0%| F|  |TAMS 0x0000000088000000| PB 0x0000000088000000| Untracked |  0
| 129|0x0000000088100000, 0x0000000088100000, 0x0000000088200000|  0%| F|  |TAMS 0x0000000088100000| PB 0x0000000088100000| Untracked |  0
| 130|0x0000000088200000, 0x0000000088200000, 0x0000000088300000|  0%| F|  |TAMS 0x0000000088200000| PB 0x0000000088200000| Untracked |  0
| 131|0x0000000088300000, 0x0000000088300000, 0x0000000088400000|  0%| F|  |TAMS 0x0000000088300000| PB 0x0000000088300000| Untracked |  0
| 132|0x0000000088400000, 0x0000000088400000, 0x0000000088500000|  0%| F|  |TAMS 0x0000000088400000| PB 0x0000000088400000| Untracked |  0
| 133|0x0000000088500000, 0x0000000088500000, 0x0000000088600000|  0%| F|  |TAMS 0x0000000088500000| PB 0x0000000088500000| Untracked |  0
| 134|0x0000000088600000, 0x0000000088600000, 0x0000000088700000|  0%| F|  |TAMS 0x0000000088600000| PB 0x0000000088600000| Untracked |  0
| 135|0x0000000088700000, 0x0000000088700000, 0x0000000088800000|  0%| F|  |TAMS 0x0000000088700000| PB 0x0000000088700000| Untracked |  0
| 136|0x0000000088800000, 0x0000000088800000, 0x0000000088900000|  0%| F|  |TAMS 0x0000000088800000| PB 0x0000000088800000| Untracked |  0
| 137|0x0000000088900000, 0x0000000088900000, 0x0000000088a00000|  0%| F|  |TAMS 0x0000000088900000| PB 0x0000000088900000| Untracked |  0
| 138|0x0000000088a00000, 0x0000000088a00000, 0x0000000088b00000|  0%| F|  |TAMS 0x0000000088a00000| PB 0x0000000088a00000| Untracked |  0
| 139|0x0000000088b00000, 0x0000000088b00000, 0x0000000088c00000|  0%| F|  |TAMS 0x0000000088b00000| PB 0x0000000088b00000| Untracked |  0
| 140|0x0000000088c00000, 0x0000000088c00000, 0x0000000088d00000|  0%| F|  |TAMS 0x0000000088c00000| PB 0x0000000088c00000| Untracked |  0
| 141|0x0000000088d00000, 0x0000000088d00000, 0x0000000088e00000|  0%| F|  |TAMS 0x0000000088d00000| PB 0x0000000088d00000| Untracked |  0
| 142|0x0000000088e00000, 0x0000000088e00000, 0x0000000088f00000|  0%| F|  |TAMS 0x0000000088e00000| PB 0x0000000088e00000| Untracked |  0
| 143|0x0000000088f00000, 0x0000000088f00000, 0x0000000089000000|  0%| F|  |TAMS 0x0000000088f00000| PB 0x0000000088f00000| Untracked |  0
| 144|0x0000000089000000, 0x0000000089000000, 0x0000000089100000|  0%| F|  |TAMS 0x0000000089000000| PB 0x0000000089000000| Untracked |  0
| 145|0x0000000089100000, 0x0000000089100000, 0x0000000089200000|  0%| F|  |TAMS 0x0000000089100000| PB 0x0000000089100000| Untracked |  0
| 146|0x0000000089200000, 0x0000000089200000, 0x0000000089300000|  0%| F|  |TAMS 0x0000000089200000| PB 0x0000000089200000| Untracked |  0
| 147|0x0000000089300000, 0x0000000089300000, 0x0000000089400000|  0%| F|  |TAMS 0x0000000089300000| PB 0x0000000089300000| Untracked |  0
| 148|0x0000000089400000, 0x0000000089400000, 0x0000000089500000|  0%| F|  |TAMS 0x0000000089400000| PB 0x0000000089400000| Untracked |  0
| 149|0x0000000089500000, 0x0000000089500000, 0x0000000089600000|  0%| F|  |TAMS 0x0000000089500000| PB 0x0000000089500000| Untracked |  0
| 150|0x0000000089600000, 0x0000000089600000, 0x0000000089700000|  0%| F|  |TAMS 0x0000000089600000| PB 0x0000000089600000| Untracked |  0
| 151|0x0000000089700000, 0x0000000089700000, 0x0000000089800000|  0%| F|  |TAMS 0x0000000089700000| PB 0x0000000089700000| Untracked |  0
| 152|0x0000000089800000, 0x0000000089800000, 0x0000000089900000|  0%| F|  |TAMS 0x0000000089800000| PB 0x0000000089800000| Untracked |  0
| 153|0x0000000089900000, 0x0000000089900000, 0x0000000089a00000|  0%| F|  |TAMS 0x0000000089900000| PB 0x0000000089900000| Untracked |  0
| 154|0x0000000089a00000, 0x0000000089a00000, 0x0000000089b00000|  0%| F|  |TAMS 0x0000000089a00000| PB 0x0000000089a00000| Untracked |  0
| 155|0x0000000089b00000, 0x0000000089b00000, 0x0000000089c00000|  0%| F|  |TAMS 0x0000000089b00000| PB 0x0000000089b00000| Untracked |  0
| 156|0x0000000089c00000, 0x0000000089c00000, 0x0000000089d00000|  0%| F|  |TAMS 0x0000000089c00000| PB 0x0000000089c00000| Untracked |  0
| 157|0x0000000089d00000, 0x0000000089d00000, 0x0000000089e00000|  0%| F|  |TAMS 0x0000000089d00000| PB 0x0000000089d00000| Untracked |  0
| 158|0x0000000089e00000, 0x0000000089e00000, 0x0000000089f00000|  0%| F|  |TAMS 0x0000000089e00000| PB 0x0000000089e00000| Untracked |  0
| 159|0x0000000089f00000, 0x0000000089f00000, 0x000000008a000000|  0%| F|  |TAMS 0x0000000089f00000| PB 0x0000000089f00000| Untracked |  0
| 160|0x000000008a000000, 0x000000008a000000, 0x000000008a100000|  0%| F|  |TAMS 0x000000008a000000| PB 0x000000008a000000| Untracked |  0
| 161|0x000000008a100000, 0x000000008a100000, 0x000000008a200000|  0%| F|  |TAMS 0x000000008a100000| PB 0x000000008a100000| Untracked |  0
| 162|0x000000008a200000, 0x000000008a200000, 0x000000008a300000|  0%| F|  |TAMS 0x000000008a200000| PB 0x000000008a200000| Untracked |  0
| 163|0x000000008a300000, 0x000000008a300000, 0x000000008a400000|  0%| F|  |TAMS 0x000000008a300000| PB 0x000000008a300000| Untracked |  0
| 164|0x000000008a400000, 0x000000008a400000, 0x000000008a500000|  0%| F|  |TAMS 0x000000008a400000| PB 0x000000008a400000| Untracked |  0
| 165|0x000000008a500000, 0x000000008a500000, 0x000000008a600000|  0%| F|  |TAMS 0x000000008a500000| PB 0x000000008a500000| Untracked |  0
| 166|0x000000008a600000, 0x000000008a600000, 0x000000008a700000|  0%| F|  |TAMS 0x000000008a600000| PB 0x000000008a600000| Untracked |  0
| 167|0x000000008a700000, 0x000000008a700000, 0x000000008a800000|  0%| F|  |TAMS 0x000000008a700000| PB 0x000000008a700000| Untracked |  0
| 168|0x000000008a800000, 0x000000008a800000, 0x000000008a900000|  0%| F|  |TAMS 0x000000008a800000| PB 0x000000008a800000| Untracked |  0
| 169|0x000000008a900000, 0x000000008a900000, 0x000000008aa00000|  0%| F|  |TAMS 0x000000008a900000| PB 0x000000008a900000| Untracked |  0
| 170|0x000000008aa00000, 0x000000008aa00000, 0x000000008ab00000|  0%| F|  |TAMS 0x000000008aa00000| PB 0x000000008aa00000| Untracked |  0
| 171|0x000000008ab00000, 0x000000008ab00000, 0x000000008ac00000|  0%| F|  |TAMS 0x000000008ab00000| PB 0x000000008ab00000| Untracked |  0
| 172|0x000000008ac00000, 0x000000008ac00000, 0x000000008ad00000|  0%| F|  |TAMS 0x000000008ac00000| PB 0x000000008ac00000| Untracked |  0
| 173|0x000000008ad00000, 0x000000008ad00000, 0x000000008ae00000|  0%| F|  |TAMS 0x000000008ad00000| PB 0x000000008ad00000| Untracked |  0
| 174|0x000000008ae00000, 0x000000008ae00000, 0x000000008af00000|  0%| F|  |TAMS 0x000000008ae00000| PB 0x000000008ae00000| Untracked |  0
| 175|0x000000008af00000, 0x000000008af00000, 0x000000008b000000|  0%| F|  |TAMS 0x000000008af00000| PB 0x000000008af00000| Untracked |  0
| 176|0x000000008b000000, 0x000000008b000000, 0x000000008b100000|  0%| F|  |TAMS 0x000000008b000000| PB 0x000000008b000000| Untracked |  0
| 177|0x000000008b100000, 0x000000008b100000, 0x000000008b200000|  0%| F|  |TAMS 0x000000008b100000| PB 0x000000008b100000| Untracked |  0
| 178|0x000000008b200000, 0x000000008b276bd8, 0x000000008b300000| 46%| E|  |TAMS 0x000000008b200000| PB 0x000000008b200000| Complete |  0
| 179|0x000000008b300000, 0x000000008b400000, 0x000000008b400000|100%| E|CS|TAMS 0x000000008b300000| PB 0x000000008b300000| Complete |  0
| 180|0x000000008b400000, 0x000000008b500000, 0x000000008b500000|100%| E|CS|TAMS 0x000000008b400000| PB 0x000000008b400000| Complete |  0
| 181|0x000000008b500000, 0x000000008b600000, 0x000000008b600000|100%| E|CS|TAMS 0x000000008b500000| PB 0x000000008b500000| Complete |  0
|2036|0x00000000ff400000, 0x00000000ff500000, 0x00000000ff500000|100%| E|CS|TAMS 0x00000000ff400000| PB 0x00000000ff400000| Complete |  0
|2037|0x00000000ff500000, 0x00000000ff600000, 0x00000000ff600000|100%| E|CS|TAMS 0x00000000ff500000| PB 0x00000000ff500000| Complete |  0
|2038|0x00000000ff600000, 0x00000000ff700000, 0x00000000ff700000|100%| O|  |TAMS 0x00000000ff600000| PB 0x00000000ff600000| Untracked |  0
|2039|0x00000000ff700000, 0x00000000ff800000, 0x00000000ff800000|100%| O|  |TAMS 0x00000000ff700000| PB 0x00000000ff700000| Untracked |  0
|2040|0x00000000ff800000, 0x00000000ff900000, 0x00000000ff900000|100%| O|  |TAMS 0x00000000ff800000| PB 0x00000000ff800000| Untracked |  0
|2041|0x00000000ff900000, 0x00000000ffa00000, 0x00000000ffa00000|100%| O|  |TAMS 0x00000000ff900000| PB 0x00000000ff900000| Untracked |  0
|2042|0x00000000ffa00000, 0x00000000ffb00000, 0x00000000ffb00000|100%| O|  |TAMS 0x00000000ffa00000| PB 0x00000000ffa00000| Untracked |  0
|2043|0x00000000ffb00000, 0x00000000ffc00000, 0x00000000ffc00000|100%| O|  |TAMS 0x00000000ffb00000| PB 0x00000000ffb00000| Untracked |  0
|2044|0x00000000ffc00000, 0x00000000ffd00000, 0x00000000ffd00000|100%| O|  |TAMS 0x00000000ffc00000| PB 0x00000000ffc00000| Untracked |  0
|2045|0x00000000ffd00000, 0x00000000ffe00000, 0x00000000ffe00000|100%| O|  |TAMS 0x00000000ffd00000| PB 0x00000000ffd00000| Untracked |  0
|2046|0x00000000ffe00000, 0x00000000fff00000, 0x00000000fff00000|100%| E|CS|TAMS 0x00000000ffe00000| PB 0x00000000ffe00000| Complete |  0
|2047|0x00000000fff00000, 0x0000000100000000, 0x0000000100000000|100%| E|CS|TAMS 0x00000000fff00000| PB 0x00000000fff00000| Complete |  0

Card table byte_map: [0x0000016e35220000,0x0000016e35620000] _byte_map_base: 0x0000016e34e20000

Marking Bits: (CMBitMap*) 0x0000016e2014e7f0
 Bits: [0x0000016e35620000, 0x0000016e37620000)

Polling page: 0x0000016e20340000

Metaspace:
Metaspace        used 110026K, committed 112192K, reserved 1179648K
 class space     used 16015K, committed 17024K, reserved 1048576K

Usage:
  Non-class:     91.81 MB used.
      Class:     15.64 MB used.
       Both:    107.45 MB used.

Virtual space:
  Non-class space:      128.00 MB reserved,      92.94 MB ( 73%) committed,  2 nodes.
      Class space:        1.00 GB reserved,      16.62 MB (  2%) committed,  1 nodes.
             Both:        1.12 GB reserved,     109.56 MB ( 10%) committed. 

Chunk freelists:
   Non-Class:  2.33 MB
       Class:  15.32 MB
        Both:  17.65 MB

MaxMetaspaceSize: unlimited
CompressedClassSpaceSize: 1.00 GB
Initial GC threshold: 21.00 MB
Current GC threshold: 171.06 MB
CDS: off
 - commit_granule_bytes: 65536.
 - commit_granule_words: 8192.
 - virtual_space_node_default_size: 8388608.
 - enlarge_chunks_in_place: 1.
UseCompressedClassPointers 1, UseCompactObjectHeaders 0
Narrow klass pointer bits 32, Max shift 3
Narrow klass base: 0x0000000000000000, Narrow klass shift: 0
Encoding Range: [0x0000000000000000 - 0x0000000100000000), (4294967296 bytes)
Klass Range:    [0x0000000016000000 - 0x0000000056000000), (1073741824 bytes)
Klass ID Range:  [369098752 - 1442840569) (1073741817)
No protection zone.


Internal statistics:

num_allocs_failed_limit: 6.
num_arena_births: 4112.
num_arena_deaths: 0.
num_vsnodes_births: 3.
num_vsnodes_deaths: 0.
num_space_committed: 1751.
num_space_uncommitted: 0.
num_chunks_returned_to_freelist: 6.
num_chunks_taken_from_freelist: 8562.
num_chunk_merges: 6.
num_chunk_splits: 5730.
num_chunks_enlarged: 3839.
num_inconsistent_stats: 0.

CodeHeap 'non-profiled nmethods': size=120064Kb used=4338Kb max_used=4338Kb free=115725Kb
 bounds [0x0000016e2d4a0000, 0x0000016e2d8e0000, 0x0000016e349e0000]
CodeHeap 'profiled nmethods': size=120000Kb used=13882Kb max_used=13882Kb free=106118Kb
 bounds [0x0000016e259e0000, 0x0000016e26770000, 0x0000016e2cf10000]
CodeHeap 'non-nmethods': size=5696Kb used=2033Kb max_used=2148Kb free=3662Kb
 bounds [0x0000016e2cf10000, 0x0000016e2d180000, 0x0000016e2d4a0000]
CodeCache: size=245760Kb, used=20253Kb, max_used=20368Kb, free=225505Kb
 total_blobs=10709, nmethods=9809, adapters=802, full_count=0
Compilation: enabled, stopped_count=0, restarted_count=0

Compilation events (20 events):
Event: 144.518 Thread 0x0000016e3a10d440 11505       1       org.gradle.api.internal.artifacts.DefaultPublishArtifactSet::getFiles (5 bytes)
Event: 144.519 Thread 0x0000016e3a10d440 nmethod 11505 0x0000016e2d8db308 code [0x0000016e2d8db400, 0x0000016e2d8db4c8]
Event: 144.548 Thread 0x0000016e3a10d440 11508       1       org.gradle.launcher.daemon.protocol.OutputMessage::getEvent (5 bytes)
Event: 144.548 Thread 0x0000016e3a10d440 nmethod 11508 0x0000016e2d8db608 code [0x0000016e2d8db700, 0x0000016e2d8db7c8]
Event: 144.549 Thread 0x0000016e3a10d440 11509       3       org.gradle.api.internal.collections.AbstractIterationOrderRetainingElementSource::realizePending (54 bytes)
Event: 144.550 Thread 0x0000016e3a10d440 nmethod 11509 0x0000016e26760988 code [0x0000016e26760a80, 0x0000016e26760fb8]
Event: 144.550 Thread 0x0000016e3a10d440 11510       3       org.gradle.api.internal.collections.AbstractIterationOrderRetainingElementSource$RealizedElementCollectionIterator::<init> (55 bytes)
Event: 144.550 Thread 0x0000016e3a10d440 nmethod 11510 0x0000016e26761008 code [0x0000016e26761100, 0x0000016e267613d0]
Event: 144.574 Thread 0x0000016e3a10d440 11511   !   3       jdk.proxy1.$Proxy0::onOutput (33 bytes)
Event: 144.574 Thread 0x0000016e3a10d440 nmethod 11511 0x0000016e26761408 code [0x0000016e26761500, 0x0000016e267619b0]
Event: 144.574 Thread 0x0000016e3a10d440 11512       1       org.gradle.internal.logging.events.ProgressCompleteEvent::getStatus (5 bytes)
Event: 144.575 Thread 0x0000016e3a10d440 nmethod 11512 0x0000016e2d8db908 code [0x0000016e2d8dba00, 0x0000016e2d8dbac8]
Event: 144.575 Thread 0x0000016e3a10d440 11513       1       org.gradle.internal.logging.events.ProgressCompleteEvent::getTimestamp (5 bytes)
Event: 144.575 Thread 0x0000016e3a10d440 nmethod 11513 0x0000016e2d8dbc08 code [0x0000016e2d8dbd00, 0x0000016e2d8dbdc8]
Event: 144.575 Thread 0x0000016e3a10d440 11514       3       java.util.IdentityHashMap::init (11 bytes)
Event: 144.575 Thread 0x0000016e3a10d440 nmethod 11514 0x0000016e26761a08 code [0x0000016e26761b00, 0x0000016e26761ce0]
Event: 144.575 Thread 0x0000016e3a10d440 11515       3       java.util.HashMap$KeySet::iterator (12 bytes)
Event: 144.575 Thread 0x0000016e3a10d440 nmethod 11515 0x0000016e26761d08 code [0x0000016e26761e00, 0x0000016e26762150]
Event: 144.575 Thread 0x0000016e3a10d440 11516       3       java.lang.StringBuilder::append (8 bytes)
Event: 144.575 Thread 0x0000016e3a10d440 nmethod 11516 0x0000016e26762188 code [0x0000016e26762280, 0x0000016e267623d0]

GC Heap Usage History (20 events):
Event: 106.207 {heap Before GC invocations=32 (full 0):
 garbage-first heap   total reserved 2097152K, committed 158720K, used 129714K [0x0000000080000000, 0x0000000100000000)
  region size 1024K, 37 young (37888K), 2 survivors (2048K)
}
Event: 106.228 {heap After GC invocations=33 (full 0):
 garbage-first heap   total reserved 2097152K, committed 158720K, used 94579K [0x0000000080000000, 0x0000000100000000)
  region size 1024K, 2 young (2048K), 2 survivors (2048K)
}
Event: 119.305 {heap Before GC invocations=33 (full 0):
 garbage-first heap   total reserved 2097152K, committed 158720K, used 150899K [0x0000000080000000, 0x0000000100000000)
  region size 1024K, 55 young (56320K), 2 survivors (2048K)
}
Event: 119.321 {heap After GC invocations=34 (full 0):
 garbage-first heap   total reserved 2097152K, committed 158720K, used 98119K [0x0000000080000000, 0x0000000100000000)
  region size 1024K, 4 young (4096K), 4 survivors (4096K)
}
Event: 121.544 {heap Before GC invocations=34 (full 0):
 garbage-first heap   total reserved 2097152K, committed 158720K, used 116551K [0x0000000080000000, 0x0000000100000000)
  region size 1024K, 23 young (23552K), 4 survivors (4096K)
}
Event: 121.558 {heap After GC invocations=35 (full 0):
 garbage-first heap   total reserved 2097152K, committed 158720K, used 100107K [0x0000000080000000, 0x0000000100000000)
  region size 1024K, 6 young (6144K), 6 survivors (6144K)
}
Event: 127.947 {heap Before GC invocations=36 (full 0):
 garbage-first heap   total reserved 2097152K, committed 171008K, used 153355K [0x0000000080000000, 0x0000000100000000)
  region size 1024K, 53 young (54272K), 6 survivors (6144K)
}
Event: 127.970 {heap After GC invocations=37 (full 0):
 garbage-first heap   total reserved 2097152K, committed 171008K, used 104959K [0x0000000080000000, 0x0000000100000000)
  region size 1024K, 6 young (6144K), 6 survivors (6144K)
}
Event: 131.271 {heap Before GC invocations=37 (full 0):
 garbage-first heap   total reserved 2097152K, committed 171008K, used 157183K [0x0000000080000000, 0x0000000100000000)
  region size 1024K, 57 young (58368K), 6 survivors (6144K)
}
Event: 131.286 {heap After GC invocations=38 (full 0):
 garbage-first heap   total reserved 2097152K, committed 171008K, used 107066K [0x0000000080000000, 0x0000000100000000)
  region size 1024K, 3 young (3072K), 3 survivors (3072K)
}
Event: 134.358 {heap Before GC invocations=38 (full 0):
 garbage-first heap   total reserved 2097152K, committed 171008K, used 158266K [0x0000000080000000, 0x0000000100000000)
  region size 1024K, 53 young (54272K), 3 survivors (3072K)
}
Event: 134.366 {heap After GC invocations=39 (full 0):
 garbage-first heap   total reserved 2097152K, committed 171008K, used 108576K [0x0000000080000000, 0x0000000100000000)
  region size 1024K, 5 young (5120K), 5 survivors (5120K)
}
Event: 136.808 {heap Before GC invocations=40 (full 0):
 garbage-first heap   total reserved 2097152K, committed 183296K, used 159776K [0x0000000080000000, 0x0000000100000000)
  region size 1024K, 55 young (56320K), 5 survivors (5120K)
}
Event: 136.817 {heap After GC invocations=41 (full 0):
 garbage-first heap   total reserved 2097152K, committed 183296K, used 109736K [0x0000000080000000, 0x0000000100000000)
  region size 1024K, 3 young (3072K), 3 survivors (3072K)
}
Event: 140.196 {heap Before GC invocations=41 (full 0):
 garbage-first heap   total reserved 2097152K, committed 183296K, used 169128K [0x0000000080000000, 0x0000000100000000)
  region size 1024K, 61 young (62464K), 3 survivors (3072K)
}
Event: 140.207 {heap After GC invocations=42 (full 0):
 garbage-first heap   total reserved 2097152K, committed 183296K, used 111069K [0x0000000080000000, 0x0000000100000000)
  region size 1024K, 5 young (5120K), 5 survivors (5120K)
}
Event: 140.482 {heap Before GC invocations=42 (full 0):
 garbage-first heap   total reserved 2097152K, committed 183296K, used 114141K [0x0000000080000000, 0x0000000100000000)
  region size 1024K, 10 young (10240K), 5 survivors (5120K)
}
Event: 140.491 {heap After GC invocations=43 (full 0):
 garbage-first heap   total reserved 2097152K, committed 183296K, used 112169K [0x0000000080000000, 0x0000000100000000)
  region size 1024K, 5 young (5120K), 5 survivors (5120K)
}
Event: 144.459 {heap Before GC invocations=44 (full 0):
 garbage-first heap   total reserved 2097152K, committed 198656K, used 179753K [0x0000000080000000, 0x0000000100000000)
  region size 1024K, 62 young (63488K), 5 survivors (5120K)
}
Event: 144.479 {heap After GC invocations=45 (full 0):
 garbage-first heap   total reserved 2097152K, committed 198656K, used 117619K [0x0000000080000000, 0x0000000100000000)
  region size 1024K, 8 young (8192K), 8 survivors (8192K)
}

Metaspace Usage History (20 events):
Event: 106.208 {metaspace Before GC invocations=32 (full 0):
 Metaspace       used 81161K, committed 83136K, reserved 1179648K
  class space    used 11801K, committed 12736K, reserved 1048576K
}
Event: 106.228 {metaspace After GC invocations=33 (full 0):
 Metaspace       used 81161K, committed 83136K, reserved 1179648K
  class space    used 11801K, committed 12736K, reserved 1048576K
}
Event: 119.305 {metaspace Before GC invocations=33 (full 0):
 Metaspace       used 85400K, committed 87424K, reserved 1179648K
  class space    used 12503K, committed 13440K, reserved 1048576K
}
Event: 119.321 {metaspace After GC invocations=34 (full 0):
 Metaspace       used 85400K, committed 87424K, reserved 1179648K
  class space    used 12503K, committed 13440K, reserved 1048576K
}
Event: 121.544 {metaspace Before GC invocations=34 (full 0):
 Metaspace       used 87469K, committed 89536K, reserved 1179648K
  class space    used 12769K, committed 13760K, reserved 1048576K
}
Event: 121.558 {metaspace After GC invocations=35 (full 0):
 Metaspace       used 87469K, committed 89536K, reserved 1179648K
  class space    used 12769K, committed 13760K, reserved 1048576K
}
Event: 127.947 {metaspace Before GC invocations=36 (full 0):
 Metaspace       used 89593K, committed 91712K, reserved 1179648K
  class space    used 13081K, committed 14080K, reserved 1048576K
}
Event: 127.970 {metaspace After GC invocations=37 (full 0):
 Metaspace       used 89593K, committed 91712K, reserved 1179648K
  class space    used 13081K, committed 14080K, reserved 1048576K
}
Event: 131.271 {metaspace Before GC invocations=37 (full 0):
 Metaspace       used 92202K, committed 94272K, reserved 1179648K
  class space    used 13420K, committed 14400K, reserved 1048576K
}
Event: 131.286 {metaspace After GC invocations=38 (full 0):
 Metaspace       used 92202K, committed 94272K, reserved 1179648K
  class space    used 13420K, committed 14400K, reserved 1048576K
}
Event: 134.358 {metaspace Before GC invocations=38 (full 0):
 Metaspace       used 95535K, committed 97600K, reserved 1179648K
  class space    used 13910K, committed 14912K, reserved 1048576K
}
Event: 134.366 {metaspace After GC invocations=39 (full 0):
 Metaspace       used 95535K, committed 97600K, reserved 1179648K
  class space    used 13910K, committed 14912K, reserved 1048576K
}
Event: 136.808 {metaspace Before GC invocations=40 (full 0):
 Metaspace       used 98728K, committed 100864K, reserved 1179648K
  class space    used 14497K, committed 15488K, reserved 1048576K
}
Event: 136.817 {metaspace After GC invocations=41 (full 0):
 Metaspace       used 98728K, committed 100864K, reserved 1179648K
  class space    used 14497K, committed 15488K, reserved 1048576K
}
Event: 140.196 {metaspace Before GC invocations=41 (full 0):
 Metaspace       used 102499K, committed 104640K, reserved 1179648K
  class space    used 15136K, committed 16192K, reserved 1048576K
}
Event: 140.207 {metaspace After GC invocations=42 (full 0):
 Metaspace       used 102499K, committed 104640K, reserved 1179648K
  class space    used 15136K, committed 16192K, reserved 1048576K
}
Event: 140.482 {metaspace Before GC invocations=42 (full 0):
 Metaspace       used 102821K, committed 104960K, reserved 1179648K
  class space    used 15180K, committed 16192K, reserved 1048576K
}
Event: 140.491 {metaspace After GC invocations=43 (full 0):
 Metaspace       used 102821K, committed 104960K, reserved 1179648K
  class space    used 15180K, committed 16192K, reserved 1048576K
}
Event: 144.459 {metaspace Before GC invocations=44 (full 0):
 Metaspace       used 108914K, committed 111104K, reserved 1179648K
  class space    used 15900K, committed 16896K, reserved 1048576K
}
Event: 144.479 {metaspace After GC invocations=45 (full 0):
 Metaspace       used 108914K, committed 111104K, reserved 1179648K
  class space    used 15900K, committed 16896K, reserved 1048576K
}

Dll operation events (3 events):
Event: 0.071 Loaded shared library C:\Program Files\Android\Android Studio4\jbr\bin\java.dll
Event: 0.094 Loaded shared library C:\Program Files\Android\Android Studio4\jbr\bin\zip.dll
Event: 5.615 Loaded shared library C:\Program Files\Android\Android Studio4\jbr\bin\verify.dll

Deoptimization events (20 events):
Event: 144.259 Thread 0x0000016e43bb4ea0 DEOPT PACKING pc=0x0000016e2d8b0b10 sp=0x00000068025fded0
Event: 144.259 Thread 0x0000016e43bb4ea0 DEOPT UNPACKING pc=0x0000016e2d027a02 sp=0x00000068025fde50 mode 2
Event: 144.272 Thread 0x0000016e43bb4ea0 DEOPT PACKING pc=0x0000016e263ea724 sp=0x00000068025fe650
Event: 144.272 Thread 0x0000016e43bb4ea0 DEOPT UNPACKING pc=0x0000016e2cf61702 sp=0x00000068025fdb30 mode 0
Event: 144.278 Thread 0x0000016e3a3c18f0 Uncommon trap: trap_request=0xffffffd6 fr.pc=0x0000016e2d8d62d0 relative=0x0000000000000750
Event: 144.278 Thread 0x0000016e3a3c18f0 Uncommon trap: reason=array_check action=maybe_recompile pc=0x0000016e2d8d62d0 method=java.util.TimSort.reverseRange([Ljava/lang/Object;II)V @ 27 c2
Event: 144.278 Thread 0x0000016e3a3c18f0 DEOPT PACKING pc=0x0000016e2d8d62d0 sp=0x00000068004fe1b0
Event: 144.278 Thread 0x0000016e3a3c18f0 DEOPT UNPACKING pc=0x0000016e2d027a02 sp=0x00000068004fe0c0 mode 2
Event: 144.293 Thread 0x0000016e43bb4ea0 DEOPT PACKING pc=0x0000016e261ee5bc sp=0x00000068025fe5d0
Event: 144.293 Thread 0x0000016e43bb4ea0 DEOPT UNPACKING pc=0x0000016e2cf61702 sp=0x00000068025fda48 mode 0
Event: 144.296 Thread 0x0000016e43bb4ea0 Uncommon trap: trap_request=0xffffffc6 fr.pc=0x0000016e2d70e69c relative=0x000000000000009c
Event: 144.296 Thread 0x0000016e43bb4ea0 Uncommon trap: reason=bimorphic_or_optimized_type_check action=maybe_recompile pc=0x0000016e2d70e69c method=java.util.Collections$SetFromMap.remove(Ljava/lang/Object;)Z @ 5 c2
Event: 144.296 Thread 0x0000016e43bb4ea0 DEOPT PACKING pc=0x0000016e2d70e69c sp=0x00000068025febe0
Event: 144.296 Thread 0x0000016e43bb4ea0 DEOPT UNPACKING pc=0x0000016e2d027a02 sp=0x00000068025feb78 mode 2
Event: 144.298 Thread 0x0000016e3a3c18f0 Uncommon trap: trap_request=0xffffffd6 fr.pc=0x0000016e2d8d62d0 relative=0x0000000000000750
Event: 144.298 Thread 0x0000016e3a3c18f0 Uncommon trap: reason=array_check action=maybe_recompile pc=0x0000016e2d8d62d0 method=java.util.TimSort.reverseRange([Ljava/lang/Object;II)V @ 27 c2
Event: 144.298 Thread 0x0000016e3a3c18f0 DEOPT PACKING pc=0x0000016e2d8d62d0 sp=0x00000068004fe580
Event: 144.299 Thread 0x0000016e3a3c18f0 DEOPT UNPACKING pc=0x0000016e2d027a02 sp=0x00000068004fe490 mode 2
Event: 144.447 Thread 0x0000016e40780340 DEOPT PACKING pc=0x0000016e25efc480 sp=0x00000068001f8790
Event: 144.447 Thread 0x0000016e40780340 DEOPT UNPACKING pc=0x0000016e2cf61702 sp=0x00000068001f7c70 mode 0

Classes loaded (20 events):
Event: 142.029 Loading class java/util/concurrent/atomic/AtomicIntegerFieldUpdater
Event: 142.029 Loading class java/util/concurrent/atomic/AtomicIntegerFieldUpdater done
Event: 142.029 Loading class java/util/concurrent/atomic/AtomicIntegerFieldUpdater$AtomicIntegerFieldUpdaterImpl
Event: 142.030 Loading class java/util/concurrent/atomic/AtomicIntegerFieldUpdater$AtomicIntegerFieldUpdaterImpl done
Event: 142.148 Loading class java/util/concurrent/ConcurrentLinkedQueue$Itr
Event: 142.149 Loading class java/util/concurrent/ConcurrentLinkedQueue$Itr done
Event: 142.262 Loading class java/io/NotSerializableException
Event: 142.262 Loading class java/io/NotSerializableException done
Event: 142.858 Loading class java/io/CharArrayWriter
Event: 142.858 Loading class java/io/CharArrayWriter done
Event: 143.857 Loading class java/util/stream/ReduceOps$5
Event: 143.858 Loading class java/util/stream/ReduceOps$5 done
Event: 143.858 Loading class java/util/stream/ReduceOps$CountingSink$OfRef
Event: 143.858 Loading class java/util/stream/ReduceOps$CountingSink
Event: 143.858 Loading class java/util/stream/ReduceOps$CountingSink done
Event: 143.858 Loading class java/util/stream/ReduceOps$CountingSink$OfRef done
Event: 144.380 Loading class java/nio/file/DirectoryNotEmptyException
Event: 144.380 Loading class java/nio/file/DirectoryNotEmptyException done
Event: 144.577 Loading class java/io/PushbackInputStream
Event: 144.579 Loading class java/io/PushbackInputStream done

Classes unloaded (0 events):
No events

Classes redefined (0 events):
No events

Internal exceptions (20 events):
Event: 142.787 Thread 0x0000016e40780340 Exception <a 'sun/nio/fs/WindowsException'{0x0000000088ed7018}> (0x0000000088ed7018) 
thrown [s\src\hotspot\share\prims\jni.cpp, line 535]
Event: 142.790 Thread 0x0000016e40780340 Exception <a 'sun/nio/fs/WindowsException'{0x0000000088ee7c98}> (0x0000000088ee7c98) 
thrown [s\src\hotspot\share\prims\jni.cpp, line 535]
Event: 142.797 Thread 0x0000016e40780340 Exception <a 'sun/nio/fs/WindowsException'{0x0000000088d75fd0}> (0x0000000088d75fd0) 
thrown [s\src\hotspot\share\prims\jni.cpp, line 535]
Event: 142.799 Thread 0x0000016e40780340 Exception <a 'sun/nio/fs/WindowsException'{0x0000000088d813f8}> (0x0000000088d813f8) 
thrown [s\src\hotspot\share\prims\jni.cpp, line 535]
Event: 142.802 Thread 0x0000016e40780340 Exception <a 'sun/nio/fs/WindowsException'{0x0000000088da3520}> (0x0000000088da3520) 
thrown [s\src\hotspot\share\prims\jni.cpp, line 535]
Event: 142.804 Thread 0x0000016e40780340 Exception <a 'sun/nio/fs/WindowsException'{0x0000000088db6720}> (0x0000000088db6720) 
thrown [s\src\hotspot\share\prims\jni.cpp, line 535]
Event: 142.806 Thread 0x0000016e40780340 Exception <a 'sun/nio/fs/WindowsException'{0x0000000088dc2b80}> (0x0000000088dc2b80) 
thrown [s\src\hotspot\share\prims\jni.cpp, line 535]
Event: 142.809 Thread 0x0000016e40780340 Exception <a 'sun/nio/fs/WindowsException'{0x0000000088dd55e0}> (0x0000000088dd55e0) 
thrown [s\src\hotspot\share\prims\jni.cpp, line 535]
Event: 142.810 Thread 0x0000016e40780340 Exception <a 'sun/nio/fs/WindowsException'{0x0000000088de1af0}> (0x0000000088de1af0) 
thrown [s\src\hotspot\share\prims\jni.cpp, line 535]
Event: 143.244 Thread 0x0000016e3a3c18f0 Exception <a 'java/lang/NoSuchMethodError'{0x0000000088b04f68}: static Lorg/gradle/tooling/internal/provider/PhasedBuildActionResult;.<clinit>()V> (0x0000000088b04f68) 
thrown [s\src\hotspot\share\prims\jni.cpp, line 1141]
Event: 143.300 Thread 0x0000016e3a3c18f0 Exception <a 'java/lang/NoSuchMethodError'{0x0000000088b8b740}: static Lorg/gradle/tooling/internal/provider/serialization/SerializedPayload;.<clinit>()V> (0x0000000088b8b740) 
thrown [s\src\hotspot\share\prims\jni.cpp, line 1141]
Event: 143.556 Thread 0x0000016e3a3c18f0 Exception <a 'java/lang/NoSuchMethodError'{0x0000000088b8fd20}: static [B.<clinit>()V> (0x0000000088b8fd20) 
thrown [s\src\hotspot\share\prims\jni.cpp, line 1141]
Event: 143.634 Thread 0x0000016e40780340 Implicit null exception at 0x0000016e2d8b5e11 to 0x0000016e2d8b65d8
Event: 144.049 Thread 0x0000016e43bb3730 Exception <a 'java/lang/NoSuchMethodError'{0x000000008846e428}: 'java.lang.Object java.lang.invoke.DirectMethodHandle$Holder.newInvokeSpecial(java.lang.Object, java.lang.Object, int, java.lang.Object, java.lang.Object)'> (0x000000008846e428) 
thrown [s\src\hotspot\share\interpreter\linkResolver.cpp, line 815]
Event: 144.151 Thread 0x0000016e43bb4ea0 Exception <a 'sun/nio/fs/WindowsException'{0x000000008816d890}> (0x000000008816d890) 
thrown [s\src\hotspot\share\prims\jni.cpp, line 535]
Event: 144.277 Thread 0x0000016e3a3c18f0 Exception <a 'java/lang/NoSuchMethodError'{0x0000000087ff41f8}: static Lorg/gradle/internal/build/event/types/DefaultTaskStartedProgressEvent;.<clinit>()V> (0x0000000087ff41f8) 
thrown [s\src\hotspot\share\prims\jni.cpp, line 1141]
Event: 144.278 Thread 0x0000016e3a3c18f0 Exception <a 'java/lang/NoSuchMethodError'{0x0000000087ffc8b8}: static Lorg/gradle/internal/build/event/types/DefaultTaskDescriptor;.<clinit>()V> (0x0000000087ffc8b8) 
thrown [s\src\hotspot\share\prims\jni.cpp, line 1141]
Event: 144.298 Thread 0x0000016e3a3c18f0 Exception <a 'java/lang/NoSuchMethodError'{0x0000000087e41e48}: static Lorg/gradle/internal/build/event/types/DefaultTaskFinishedProgressEvent;.<clinit>()V> (0x0000000087e41e48) 
thrown [s\src\hotspot\share\prims\jni.cpp, line 1141]
Event: 144.301 Thread 0x0000016e3a3c18f0 Exception <a 'java/lang/NoSuchMethodError'{0x0000000087e8c6e0}: static Lorg/gradle/internal/build/event/types/DefaultTaskSuccessResult;.<clinit>()V> (0x0000000087e8c6e0) 
thrown [s\src\hotspot\share\prims\jni.cpp, line 1141]
Event: 144.301 Thread 0x0000016e3a3c18f0 Exception <a 'java/lang/NoSuchMethodError'{0x0000000087e8de40}: static Lorg/gradle/internal/build/event/types/AbstractTaskResult;.<clinit>()V> (0x0000000087e8de40) 
thrown [s\src\hotspot\share\prims\jni.cpp, line 1141]

VM Operations (20 events):
Event: 140.196 Executing safepoint VM operation: G1CollectForAllocation (G1 Evacuation Pause)
Event: 140.207 Executing safepoint VM operation: G1CollectForAllocation (G1 Evacuation Pause) done
Event: 140.482 Executing safepoint VM operation: G1TryInitiateConcMark (G1 Humongous Allocation)
Event: 140.491 Executing safepoint VM operation: G1TryInitiateConcMark (G1 Humongous Allocation) done
Event: 140.617 Executing safepoint VM operation: G1PauseRemark
Event: 140.684 Executing safepoint VM operation: G1PauseRemark done
Event: 140.729 Executing safepoint VM operation: G1PauseCleanup
Event: 140.730 Executing safepoint VM operation: G1PauseCleanup done
Event: 142.835 Executing non-safepoint VM operation: HandshakeAllThreads (Deoptimize)
Event: 142.836 Executing non-safepoint VM operation: HandshakeAllThreads (Deoptimize) done
Event: 143.640 Executing non-safepoint VM operation: HandshakeAllThreads (Deoptimize)
Event: 143.640 Executing non-safepoint VM operation: HandshakeAllThreads (Deoptimize) done
Event: 144.267 Executing non-safepoint VM operation: HandshakeAllThreads (Deoptimize)
Event: 144.267 Executing non-safepoint VM operation: HandshakeAllThreads (Deoptimize) done
Event: 144.271 Executing non-safepoint VM operation: HandshakeAllThreads (Deoptimize)
Event: 144.272 Executing non-safepoint VM operation: HandshakeAllThreads (Deoptimize) done
Event: 144.293 Executing non-safepoint VM operation: HandshakeAllThreads (Deoptimize)
Event: 144.293 Executing non-safepoint VM operation: HandshakeAllThreads (Deoptimize) done
Event: 144.458 Executing safepoint VM operation: G1CollectForAllocation (G1 Evacuation Pause)
Event: 144.479 Executing safepoint VM operation: G1CollectForAllocation (G1 Evacuation Pause) done

Memory protections (0 events):
No events

Nmethod flushes (20 events):
Event: 140.681 Thread 0x0000016e3a0c0030 flushing  nmethod 0x0000016e25ddd588
Event: 140.681 Thread 0x0000016e3a0c0030 flushing  nmethod 0x0000016e25ea7708
Event: 140.681 Thread 0x0000016e3a0c0030 flushing  nmethod 0x0000016e25fc9c08
Event: 140.681 Thread 0x0000016e3a0c0030 flushing  nmethod 0x0000016e25fca608
Event: 140.681 Thread 0x0000016e3a0c0030 flushing  nmethod 0x0000016e25ff7288
Event: 140.681 Thread 0x0000016e3a0c0030 flushing  nmethod 0x0000016e25ff9108
Event: 140.681 Thread 0x0000016e3a0c0030 flushing  nmethod 0x0000016e26079488
Event: 140.681 Thread 0x0000016e3a0c0030 flushing  nmethod 0x0000016e2614c308
Event: 140.681 Thread 0x0000016e3a0c0030 flushing  nmethod 0x0000016e26175008
Event: 140.681 Thread 0x0000016e3a0c0030 flushing  nmethod 0x0000016e26176208
Event: 140.681 Thread 0x0000016e3a0c0030 flushing  nmethod 0x0000016e262f0908
Event: 140.681 Thread 0x0000016e3a0c0030 flushing  nmethod 0x0000016e25fb8e08
Event: 140.681 Thread 0x0000016e3a0c0030 flushing  nmethod 0x0000016e25fecf08
Event: 140.681 Thread 0x0000016e3a0c0030 flushing  nmethod 0x0000016e25feee08
Event: 140.681 Thread 0x0000016e3a0c0030 flushing  nmethod 0x0000016e26119788
Event: 140.681 Thread 0x0000016e3a0c0030 flushing  nmethod 0x0000016e2611c888
Event: 140.681 Thread 0x0000016e3a0c0030 flushing  nmethod 0x0000016e26152b08
Event: 140.681 Thread 0x0000016e3a0c0030 flushing  nmethod 0x0000016e26187488
Event: 140.681 Thread 0x0000016e3a0c0030 flushing  nmethod 0x0000016e26255188
Event: 140.681 Thread 0x0000016e3a0c0030 flushing  nmethod 0x0000016e26582c88

Events (20 events):
Event: 54.949 Thread 0x0000016e40780340 Thread added: 0x0000016e40b20780
Event: 54.951 Thread 0x0000016e40780340 Thread added: 0x0000016e40b1ffb0
Event: 54.952 Thread 0x0000016e40780340 Thread added: 0x0000016e40b20f50
Event: 56.636 Thread 0x0000016e3a77bfc0 Thread added: 0x0000016e416245b0
Event: 60.472 Thread 0x0000016e3a10d440 Thread added: 0x0000016e3fc500a0
Event: 61.840 Thread 0x0000016e3fc500a0 Thread exited: 0x0000016e3fc500a0
Event: 109.372 Thread 0x0000016e40780340 Thread added: 0x0000016e41624d80
Event: 142.120 Thread 0x0000016e40780340 Thread added: 0x0000016e43bb1020
Event: 142.624 Thread 0x0000016e40780340 Thread added: 0x0000016e43bb3f00
Event: 142.829 Thread 0x0000016e43bb3f00 Thread exited: 0x0000016e43bb3f00
Event: 144.025 Thread 0x0000016e40780340 Thread added: 0x0000016e43bb3730
Event: 144.056 Thread 0x0000016e43bb3730 Thread added: 0x0000016e43bb46d0
Event: 144.056 Thread 0x0000016e43bb3730 Thread added: 0x0000016e43bb4ea0
Event: 144.056 Thread 0x0000016e43bb3730 Thread added: 0x0000016e43bb17f0
Event: 144.056 Thread 0x0000016e43bb3730 Thread added: 0x0000016e43bb5670
Event: 144.056 Thread 0x0000016e43bb3730 Thread added: 0x0000016e43bb75b0
Event: 144.056 Thread 0x0000016e43bb3730 Thread added: 0x0000016e43bb5e40
Event: 144.057 Thread 0x0000016e43bb3730 Thread added: 0x0000016e43bb6610
Event: 144.146 Thread 0x0000016e43bb4ea0 Thread added: 0x0000016e4900eab0
Event: 144.387 Thread 0x0000016e40780340 Thread added: 0x0000016e4900b400


Dynamic libraries:
0x00007ff7bce20000 - 0x00007ff7bce2a000 	C:\Program Files\Android\Android Studio4\jbr\bin\java.exe
0x00007ffc75da0000 - 0x00007ffc76007000 	C:\Windows\SYSTEM32\ntdll.dll
0x00007ffc74d40000 - 0x00007ffc74e0b000 	C:\Windows\System32\KERNEL32.DLL
0x00007ffc73160000 - 0x00007ffc73562000 	C:\Windows\System32\KERNELBASE.dll
0x00007ffc73960000 - 0x00007ffc73aac000 	C:\Windows\System32\ucrtbase.dll
0x00007ffc628f0000 - 0x00007ffc62906000 	C:\Program Files\Android\Android Studio4\jbr\bin\jli.dll
0x00007ffc75560000 - 0x00007ffc7572f000 	C:\Windows\System32\USER32.dll
0x00007ffc73570000 - 0x00007ffc73597000 	C:\Windows\System32\win32u.dll
0x00007ffc75a50000 - 0x00007ffc75a7b000 	C:\Windows\System32\GDI32.dll
0x00007ffc73030000 - 0x00007ffc73159000 	C:\Windows\System32\gdi32full.dll
0x00007ffc737f0000 - 0x00007ffc73893000 	C:\Windows\System32\msvcp_win.dll
0x00007ffc52730000 - 0x00007ffc529c0000 	C:\Windows\WinSxS\amd64_microsoft.windows.common-controls_6595b64144ccf1df_6.0.26100.9278_none_3e0d1ba8e3303201\COMCTL32.dll
0x00007ffc754b0000 - 0x00007ffc75559000 	C:\Windows\System32\msvcrt.dll
0x00007ffc695f0000 - 0x00007ffc6960b000 	C:\Program Files\Android\Android Studio4\jbr\bin\VCRUNTIME140.dll
0x00007ffc74180000 - 0x00007ffc741b1000 	C:\Windows\System32\IMM32.DLL
0x00007ffc695e0000 - 0x00007ffc695ec000 	C:\Program Files\Android\Android Studio4\jbr\bin\vcruntime140_1.dll
0x00007ffc0e9d0000 - 0x00007ffc0ea5d000 	C:\Program Files\Android\Android Studio4\jbr\bin\msvcp140.dll
0x00007ffbeee40000 - 0x00007ffbefd1a000 	C:\Program Files\Android\Android Studio4\jbr\bin\server\jvm.dll
0x00007ffc74af0000 - 0x00007ffc74bac000 	C:\Windows\System32\ADVAPI32.dll
0x00007ffc749f0000 - 0x00007ffc74a99000 	C:\Windows\System32\sechost.dll
0x00007ffc75b40000 - 0x00007ffc75c58000 	C:\Windows\System32\RPCRT4.dll
0x00007ffc752a0000 - 0x00007ffc75320000 	C:\Windows\System32\WS2_32.dll
0x00007ffc72d50000 - 0x00007ffc72dae000 	C:\Windows\SYSTEM32\POWRPROF.dll
0x00007ffc63ed0000 - 0x00007ffc63f06000 	C:\Windows\SYSTEM32\WINMM.dll
0x00007ffc6a6b0000 - 0x00007ffc6a6bb000 	C:\Windows\SYSTEM32\VERSION.dll
0x00007ffc72d30000 - 0x00007ffc72d45000 	C:\Windows\SYSTEM32\UMPDC.dll
0x00007ffc71c60000 - 0x00007ffc71c7b000 	C:\Windows\SYSTEM32\kernel.appcore.dll
0x00007ffc69590000 - 0x00007ffc6959a000 	C:\Program Files\Android\Android Studio4\jbr\bin\jimage.dll
0x00007ffc705c0000 - 0x00007ffc7080c000 	C:\Windows\SYSTEM32\DBGHELP.DLL
0x00007ffc73ac0000 - 0x00007ffc73e45000 	C:\Windows\System32\combase.dll
0x00007ffc74c60000 - 0x00007ffc74d39000 	C:\Windows\System32\OLEAUT32.dll
0x00007ffc6d490000 - 0x00007ffc6d4cb000 	C:\Windows\SYSTEM32\dbgcore.DLL
0x00007ffc73730000 - 0x00007ffc737dc000 	C:\Windows\System32\bcryptPrimitives.dll
0x00007ffc69690000 - 0x00007ffc6969e000 	C:\Program Files\Android\Android Studio4\jbr\bin\instrument.dll
0x00007ffc62930000 - 0x00007ffc6294f000 	C:\Program Files\Android\Android Studio4\jbr\bin\java.dll
0x00007ffc73fe0000 - 0x00007ffc7417a000 	C:\Windows\System32\ole32.dll
0x00007ffc741d0000 - 0x00007ffc74968000 	C:\Windows\System32\SHELL32.dll
0x00007ffc62300000 - 0x00007ffc62317000 	C:\Program Files\Android\Android Studio4\jbr\bin\zip.dll
0x00007ffc70a00000 - 0x00007ffc712ae000 	C:\Windows\SYSTEM32\windows.storage.dll
0x00007ffc75330000 - 0x00007ffc7542b000 	C:\Windows\System32\SHCORE.dll
0x00007ffc759e0000 - 0x00007ffc75a46000 	C:\Windows\System32\shlwapi.dll
0x00007ffc72ec0000 - 0x00007ffc72ee9000 	C:\Windows\SYSTEM32\profapi.dll
0x00007ffc68100000 - 0x00007ffc68110000 	C:\Program Files\Android\Android Studio4\jbr\bin\net.dll
0x00007ffc72220000 - 0x00007ffc7228c000 	C:\Windows\system32\mswsock.dll
0x00007ffc258e0000 - 0x00007ffc258f6000 	C:\Program Files\Android\Android Studio4\jbr\bin\nio.dll
0x00007ffc5e390000 - 0x00007ffc5e3a0000 	C:\Program Files\Android\Android Studio4\jbr\bin\verify.dll
0x00007ffc5e3a0000 - 0x00007ffc5e3c7000 	C:\Users\LENOVO\.gradle\native\660c5614fbf4a5f2a75b1949f50a0caf5cd603558e7d8a26e50b933a0cfb79d1\windows-amd64\native-platform.dll
0x00007ffc19810000 - 0x00007ffc19887000 	C:\Users\LENOVO\.gradle\native\0.2.8\x86_64-windows-gnu\gradle-fileevents.dll
0x00007ffc61ae0000 - 0x00007ffc61ae9000 	C:\Program Files\Android\Android Studio4\jbr\bin\management.dll
0x00007ffc60a60000 - 0x00007ffc60a6b000 	C:\Program Files\Android\Android Studio4\jbr\bin\management_ext.dll
0x00007ffc759d0000 - 0x00007ffc759d8000 	C:\Windows\System32\PSAPI.DLL
0x00007ffc71620000 - 0x00007ffc71653000 	C:\Windows\SYSTEM32\IPHLPAPI.DLL
0x00007ffc74bc0000 - 0x00007ffc74bca000 	C:\Windows\System32\NSI.dll
0x00007ffc62460000 - 0x00007ffc62469000 	C:\Program Files\Android\Android Studio4\jbr\bin\extnet.dll
0x00007ffc72530000 - 0x00007ffc7254b000 	C:\Windows\SYSTEM32\CRYPTSP.dll
0x00007ffc71bc0000 - 0x00007ffc71bf9000 	C:\Windows\system32\rsaenh.dll
0x00007ffc722d0000 - 0x00007ffc72304000 	C:\Windows\SYSTEM32\USERENV.dll
0x00007ffc72e90000 - 0x00007ffc72eba000 	C:\Windows\SYSTEM32\bcrypt.dll
0x00007ffc72510000 - 0x00007ffc7251c000 	C:\Windows\SYSTEM32\CRYPTBASE.dll
0x00007ffc37cd0000 - 0x00007ffc37cd8000 	C:\Windows\system32\wshunix.dll

JVMTI agents:
C:\Users\LENOVO\.gradle\wrapper\dists\gradle-9.5.0-bin\bvnork1r7n8i6kp5cnkibsc9q\gradle-9.5.0\lib\agents\gradle-instrumentation-agent-9.5.0.jar path:C:\Program Files\Android\Android Studio4\jbr\bin\instrument.dll, loaded, initialized, instrumentlib options:none

dbghelp: loaded successfully - version: 4.0.5 - missing functions: none
symbol engine: initialized successfully - sym options: 0x614 - pdb path: .;C:\Program Files\Android\Android Studio4\jbr\bin;C:\Windows\SYSTEM32;C:\Windows\WinSxS\amd64_microsoft.windows.common-controls_6595b64144ccf1df_6.0.26100.9278_none_3e0d1ba8e3303201;C:\Program Files\Android\Android Studio4\jbr\bin\server;C:\Users\LENOVO\.gradle\native\660c5614fbf4a5f2a75b1949f50a0caf5cd603558e7d8a26e50b933a0cfb79d1\windows-amd64;C:\Users\LENOVO\.gradle\native\0.2.8\x86_64-windows-gnu

VM Arguments:
jvm_args: --add-opens=java.base/java.lang=ALL-UNNAMED --add-opens=java.base/java.lang.invoke=ALL-UNNAMED --add-opens=java.base/java.util=ALL-UNNAMED --add-opens=java.prefs/java.util.prefs=ALL-UNNAMED --add-exports=jdk.compiler/com.sun.tools.javac.api=ALL-UNNAMED --add-exports=jdk.compiler/com.sun.tools.javac.util=ALL-UNNAMED --add-opens=java.base/java.nio.charset=ALL-UNNAMED --add-opens=java.base/java.net=ALL-UNNAMED --add-opens=java.base/java.util.concurrent=ALL-UNNAMED --add-opens=java.base/java.util.concurrent.atomic=ALL-UNNAMED --add-opens=java.xml/javax.xml.namespace=ALL-UNNAMED --add-opens=java.base/java.time=ALL-UNNAMED --enable-native-access=ALL-UNNAMED -Xmx2048m -Dfile.encoding=UTF-8 -Duser.country=US -Duser.language=en -Duser.variant -javaagent:C:\Users\LENOVO\.gradle\wrapper\dists\gradle-9.5.0-bin\bvnork1r7n8i6kp5cnkibsc9q\gradle-9.5.0\lib\agents\gradle-instrumentation-agent-9.5.0.jar 
java_command: org.gradle.launcher.daemon.bootstrap.GradleDaemon 9.5.0
java_class_path (initial): C:\Users\LENOVO\.gradle\wrapper\dists\gradle-9.5.0-bin\bvnork1r7n8i6kp5cnkibsc9q\gradle-9.5.0\lib\gradle-daemon-main-9.5.0.jar
Launcher Type: SUN_STANDARD

[Global flags]
     intx CICompilerCount                          = 4                                         {product} {ergonomic}
     uint ConcGCThreads                            = 2                                         {product} {ergonomic}
     uint G1ConcRefinementThreads                  = 8                                         {product} {ergonomic}
   size_t G1HeapRegionSize                         = 1048576                                   {product} {ergonomic}
   size_t InitialHeapSize                          = 98566144                                  {product} {ergonomic}
   size_t MarkStackSize                            = 4194304                                   {product} {ergonomic}
   size_t MarkStackSizeMax                         = 536870912                                 {product} {ergonomic}
   size_t MaxHeapSize                              = 2147483648                                {product} {command line}
   size_t MaxNewSize                               = 1287651328                                {product} {ergonomic}
   size_t MinHeapDeltaBytes                        = 1048576                                   {product} {ergonomic}
   size_t MinHeapSize                              = 8388608                                   {product} {ergonomic}
    uintx NonNMethodCodeHeapSize                   = 5832704                                {pd product} {ergonomic}
    uintx NonProfiledCodeHeapSize                  = 122945536                              {pd product} {ergonomic}
    uintx ProfiledCodeHeapSize                     = 122880000                              {pd product} {ergonomic}
    uintx ReservedCodeCacheSize                    = 251658240                              {pd product} {ergonomic}
     bool SegmentedCodeCache                       = true                                      {product} {ergonomic}
   size_t SoftMaxHeapSize                          = 2147483648                             {manageable} {ergonomic}
     bool UseCompressedOops                        = true                           {product lp64_product} {ergonomic}
     bool UseG1GC                                  = true                                      {product} {ergonomic}
     bool UseLargePagesIndividualAllocation        = false                                  {pd product} {ergonomic}

Logging:
Log output configuration:
 #0: stdout all=warning uptime,level,tags foldmultilines=false
 #1: stderr all=off uptime,level,tags foldmultilines=false

Release file:
JAVA_VERSION="25.0.2" 
MODULES="java.base java.compiler java.datatransfer java.xml java.prefs java.desktop java.instrument java.logging java.management java.security.sasl java.naming java.rmi java.management.rmi java.net.http java.scripting java.security.jgss java.transaction.xa java.sql java.sql.rowset java.xml.crypto java.se java.smartcardio jdk.accessibility jdk.internal.jvmstat jdk.attach jdk.charsets jdk.internal.opt jdk.zipfs jdk.compiler jdk.crypto.cryptoki jdk.crypto.ec jdk.dynalink jdk.hotspot.agent jdk.httpserver jdk.internal.ed jdk.internal.le jdk.internal.md jdk.internal.vm.ci jdk.jartool jdk.javadoc jdk.jcmd jdk.jdeps jdk.jdwp.agent jdk.jdi jdk.jfr jdk.jlink jdk.localedata jdk.management jdk.management.agent jdk.management.jfr jdk.naming.dns jdk.naming.rmi jdk.net jdk.sctp jdk.security.auth jdk.security.jgss jdk.unsupported jdk.unsupported.desktop jdk.xml.dom" 
IMPLEMENTOR="JetBrains s.r.o." 
JAVA_RUNTIME_VERSION="25.0.2+-15348964-b329.117" 
LIBC="default" 
OS_ARCH="x86_64" 
OS_NAME="Windows" 
SOURCE=".:git:3cf398e84a39" 

Environment Variables:
PATH=C:\Windows\system32;C:\Windows;C:\Windows\System32\Wbem;C:\Windows\System32\WindowsPowerShell\v1.0\;C:\Windows\System32\OpenSSH\;C:\Program Files\nodejs\;C:\Program Files\Git\cmd;C:\Users\LENOVO\AppData\Local\Microsoft\WindowsApps;C:\Users\LENOVO\AppData\Local\Programs\Microsoft VS Code\bin;C:\Users\LENOVO\AppData\Roaming\npm;C:\Users\LENOVO\AppData\Local\Programs\Antigravity IDE\bin
USERNAME=LENOVO
OS=Windows_NT
PROCESSOR_IDENTIFIER=AMD64 Family 23 Model 160 Stepping 0, AuthenticAMD
TMP=C:\Users\LENOVO\AppData\Local\Temp
TEMP=C:\Users\LENOVO\AppData\Local\Temp




Compilation memory statistics disabled.

Periodic native trim disabled

JNI global refs:
JNI global refs: 24, weak refs: 1

JNI global refs memory usage: 835, weak refs: 833

Process memory usage:
Resident Set Size: 383988K (6% of 6108668K total physical memory with 130108K free physical memory)

OOME stack traces (most recent first):
Classloader memory used:
Loader org.gradle.internal.classloader.VisitableURLClassLoader                         : 42422 K
Loader org.gradle.internal.classloader.VisitableURLClassLoader$InstrumentingVisitableURLClassLoader: 27433 K
Loader bootstrap                                                                       : 25866 K
Loader org.gradle.initialization.MixInLegacyTypesClassLoader                           : 12128 K
Loader org.gradle.internal.classloader.VisitableURLClassLoader                         : 1963 K
Loader jdk.internal.loader.ClassLoaders$AppClassLoader                                 : 188 K
Loader jdk.internal.loader.ClassLoaders$PlatformClassLoader                            : 130 K
Loader org.gradle.groovy.scripts.internal.DefaultScriptCompilationHandler$ScriptClassLoader: 89472 B

Classes loaded by more than one classloader:
Class Program                                                                         : loaded 5 times (x 74B)
Class Build_gradle                                                                    : loaded 3 times (x 128B)
Class com.google.common.collect.PeekingIterator                                       : loaded 3 times (x 72B)
Class com.google.common.base.Preconditions                                            : loaded 3 times (x 73B)
Class org.gradle.internal.IoActions                                                   : loaded 3 times (x 73B)
Class org.gradle.api.GradleException                                                  : loaded 3 times (x 84B)
Class org.gradle.api.Action                                                           : loaded 3 times (x 72B)
Class org.gradle.internal.Cast                                                        : loaded 3 times (x 73B)
Class com.google.common.collect.ImmutableList                                         : loaded 3 times (x 208B)
Class com.google.common.collect.Iterators$9                                           : loaded 3 times (x 83B)
Class com.google.common.collect.Lists                                                 : loaded 3 times (x 73B)
Class com.google.common.collect.ImmutableCollection                                   : loaded 3 times (x 127B)
Class com.google.common.collect.Iterators$5                                           : loaded 3 times (x 84B)
Class com.google.common.collect.Iterators$4                                           : loaded 3 times (x 84B)
Class com.google.common.collect.Iterators$1                                           : loaded 3 times (x 83B)
Class com.google.common.collect.Iterators$MergingIterator                             : loaded 3 times (x 83B)
Class com.google.common.collect.Multimap                                              : loaded 3 times (x 72B)
Class com.google.common.collect.AbstractIndexedListIterator                           : loaded 3 times (x 98B)
Class com.google.common.collect.AbstractIterator                                      : loaded 3 times (x 84B)
Class com.google.common.collect.Lists$StringAsImmutableList                           : loaded 3 times (x 209B)
Class com.google.common.collect.Iterators                                             : loaded 3 times (x 73B)
Class com.google.common.collect.Iterators$SingletonIterator                           : loaded 3 times (x 83B)
Class com.google.common.collect.UnmodifiableIterator                                  : loaded 3 times (x 82B)
Class com.google.common.collect.UnmodifiableListIterator                              : loaded 3 times (x 97B)
Class com.google.common.collect.Iterators$ArrayItr                                    : loaded 3 times (x 99B)
Class org.gradle.internal.operations.MultipleBuildOperationFailures                   : loaded 2 times (x 97B)
Class com.google.common.base.Platform$JdkPatternCompiler                              : loaded 2 times (x 77B)
Class org.objectweb.asm.MethodTooLargeException                                       : loaded 2 times (x 84B)
Class [Lcom.google.common.cache.CacheBuilder$OneWeigher;                              : loaded 2 times (x 71B)
Class com.google.common.base.Suppliers                                                : loaded 2 times (x 73B)
Class io.opentelemetry.api.GlobalOpenTelemetry                                        : loaded 2 times (x 73B)
Class com.intellij.util.containers.IntObjectHashMap$ArrayProducer                     : loaded 2 times (x 72B)
Class org.gradle.internal.classloader.DefaultClassLoaderFactory                       : loaded 2 times (x 84B)
Class io.opentelemetry.context.Scope                                                  : loaded 2 times (x 72B)
Class sync_studio_tooling2_akri769lfn2v81dx6ai914sih                                  : loaded 2 times (x 173B)
Class kotlin.collections.AbstractList$Companion                                       : loaded 2 times (x 73B)
Class [Lcom.google.common.collect.ImmutableMapEntry;                                  : loaded 2 times (x 71B)
Class org.jetbrains.plugins.gradle.tooling.serialization.internal.IdeaProjectSerializationService: loaded 2 times (x 79B)
Class com.google.common.collect.ListMultimap                                          : loaded 2 times (x 72B)
Class com.google.common.collect.ImmutableEnumMap                                      : loaded 2 times (x 128B)
Class org.gradle.tooling.internal.gradle.DefaultProjectIdentifier                     : loaded 2 times (x 88B)
Class com.google.common.collect.Sets$1                                                : loaded 2 times (x 143B)
Class org.objectweb.asm.AnnotationVisitor                                             : loaded 2 times (x 80B)
Class com.intellij.gradle.toolingExtension.impl.model.buildScriptClasspathModel.GradleBuildScriptClasspathSerializationService$ReadContext: loaded 2 times (x 74B)
Class org.gradle.api.internal.DefaultClassPathProvider                                : loaded 2 times (x 78B)
Class com.google.common.collect.Sets$2                                                : loaded 2 times (x 143B)
Class [Lorg.gradle.api.internal.ClassPathProvider;                                    : loaded 2 times (x 71B)
Class org.gradle.api.internal.ClassPathProvider                                       : loaded 2 times (x 72B)
Class [Lorg.objectweb.asm.AnnotationVisitor;                                          : loaded 2 times (x 71B)
Class com.google.common.collect.Sets$3                                                : loaded 2 times (x 143B)
Class com.google.common.cache.LocalCache$LocalLoadingCache                            : loaded 2 times (x 136B)
Class org.gradle.internal.service.UnknownServiceException                             : loaded 2 times (x 85B)
Class com.google.common.collect.Sets$4                                                : loaded 2 times (x 143B)
Class org.objectweb.asm.ModuleVisitor                                                 : loaded 2 times (x 83B)
Class com.google.common.cache.LocalCache$Strength$1                                   : loaded 2 times (x 83B)
Class org.jetbrains.kotlin.idea.gradleTooling.KotlinDslScriptAdditionalTask           : loaded 2 times (x 72B)
Class org.jetbrains.plugins.gradle.model.ClasspathEntryModel                          : loaded 2 times (x 72B)
Class com.google.common.util.concurrent.SettableFuture                                : loaded 2 times (x 116B)
Class com.google.common.cache.LocalCache$Strength$2                                   : loaded 2 times (x 83B)
Class com.intellij.platform.diagnostic.telemetry.rt.context.TelemetryContextGetter    : loaded 2 times (x 77B)
Class org.jetbrains.plugins.gradle.tooling.serialization.GradleExtensionsSerializationService: loaded 2 times (x 79B)
Class org.gradle.tooling.model.Dependency                                             : loaded 2 times (x 72B)
Class com.google.common.cache.LocalCache$Strength$3                                   : loaded 2 times (x 83B)
Class com.google.common.collect.MapDifference                                         : loaded 2 times (x 72B)
Class com.intellij.openapi.externalSystem.model.project.dependencies.ResolutionState  : loaded 2 times (x 81B)
Class kotlin.collections.CollectionsKt__CollectionsKt                                 : loaded 2 times (x 73B)
Class org.objectweb.asm.FieldWriter                                                   : loaded 2 times (x 79B)
Class com.google.common.cache.CacheBuilder$NullListener                               : loaded 2 times (x 84B)
Class org.gradle.internal.classpath.TransformedClassPath                              : loaded 2 times (x 98B)
Class org.gradle.internal.classloader.InstrumentingClassLoader                        : loaded 2 times (x 72B)
Class io.opentelemetry.api.internal.OtelEncodingUtils                                 : loaded 2 times (x 73B)
Class com.google.common.cache.CacheLoader$FunctionToCacheLoader                       : loaded 2 times (x 77B)
Class com.google.common.collect.ImmutableCollection$Builder                           : loaded 2 times (x 78B)
Class kotlin.enums.EnumEntriesList                                                    : loaded 2 times (x 225B)
Class com.google.common.base.Joiner                                                   : loaded 2 times (x 82B)
Class com.google.common.base.MoreObjects                                              : loaded 2 times (x 73B)
Class kotlin.collections.CollectionsKt__IteratorsJVMKt                                : loaded 2 times (x 73B)
Class com.google.common.collect.Platform                                              : loaded 2 times (x 73B)
Class [Lorg.objectweb.asm.Type;                                                       : loaded 2 times (x 71B)
Class org.objectweb.asm.ClassVisitor                                                  : loaded 2 times (x 90B)
Class org.jetbrains.kotlin.idea.gradleTooling.KotlinSourceSetContainer                : loaded 2 times (x 72B)
Class io.opentelemetry.context.ContextStorageWrappers                                 : loaded 2 times (x 73B)
Class io.opentelemetry.context.propagation.DefaultContextPropagators                  : loaded 2 times (x 77B)
Class org.jetbrains.plugins.gradle.model.IntelliJSettings                             : loaded 2 times (x 72B)
Class kotlin.Result                                                                   : loaded 2 times (x 74B)
Class org.gradle.internal.service.ServiceLocator                                      : loaded 2 times (x 72B)
Class com.google.common.base.Ascii                                                    : loaded 2 times (x 73B)
Class com.google.common.collect.SingletonImmutableBiMap                               : loaded 2 times (x 145B)
Class [Lorg.objectweb.asm.Symbol;                                                     : loaded 2 times (x 71B)
Class com.google.common.cache.LocalCache$1                                            : loaded 2 times (x 91B)
Class com.google.common.collect.AbstractMapEntry                                      : loaded 2 times (x 83B)
Class com.intellij.gradle.toolingExtension.util.GradleVersionUtil                     : loaded 2 times (x 73B)
Class org.gradle.tooling.model.UnsupportedMethodException                             : loaded 2 times (x 84B)
Class com.google.common.collect.Sets$ImprovedAbstractSet                              : loaded 2 times (x 137B)
Class com.google.common.collect.ImmutableList$Builder                                 : loaded 2 times (x 79B)
Class com.google.common.collect.AbstractMultimap                                      : loaded 2 times (x 125B)
Class com.google.common.cache.LocalCache$2                                            : loaded 2 times (x 144B)
Class kotlin.collections.CollectionsKt__MutableCollectionsKt                          : loaded 2 times (x 73B)
Class com.google.common.collect.RegularImmutableAsList                                : loaded 2 times (x 219B)
Class io.opentelemetry.api.trace.SpanContext                                          : loaded 2 times (x 72B)
Class io.opentelemetry.api.trace.DefaultTracer$NoopSpanBuilder                        : loaded 2 times (x 93B)
Class org.jetbrains.plugins.gradle.tooling.serialization.AnnotationProcessingModelSerializationService$WriteContext: loaded 2 times (x 74B)
Class org.gradle.tooling.internal.adapter.TargetTypeProvider                          : loaded 2 times (x 72B)
Class com.google.common.util.concurrent.AbstractFuture$Trusted                        : loaded 2 times (x 72B)
Class org.jetbrains.plugins.gradle.tooling.serialization.ProjectDependenciesSerializationService$WriteContext: loaded 2 times (x 74B)
Class org.jetbrains.plugins.gradle.tooling.serialization.ProjectDependenciesSerializationService: loaded 2 times (x 79B)
Class org.gradle.tooling.internal.adapter.CollectionMapper                            : loaded 2 times (x 75B)
Class org.jetbrains.plugins.gradle.model.GradleExtensions                             : loaded 2 times (x 72B)
Class com.google.common.util.concurrent.UncheckedExecutionException                   : loaded 2 times (x 84B)
Class org.gradle.kotlin.dsl.VersionCatalogAccessorsKt                                 : loaded 2 times (x 73B)
Class io.opentelemetry.api.trace.DefaultTracerProvider                                : loaded 2 times (x 81B)
Class gnu.trove.THash                                                                 : loaded 2 times (x 83B)
Class com.intellij.gradle.toolingExtension.impl.model.buildScriptClasspathModel.GradleBuildScriptClasspathSerializationService$WriteContext: loaded 2 times (x 74B)
Class org.gradle.tooling.internal.adapter.ProtocolToModelAdapter                      : loaded 2 times (x 82B)
Class com.google.common.collect.AbstractMapBasedMultimap$KeySet$1                     : loaded 2 times (x 84B)
Class org.objectweb.asm.ClassWriter                                                   : loaded 2 times (x 107B)
Class com.google.common.base.CharMatcher$And                                          : loaded 2 times (x 114B)
Class com.google.common.cache.CacheLoader$UnsupportedLoadingOperationException        : loaded 2 times (x 84B)
Class [Lio.opentelemetry.context.ThreadLocalContextStorage$NoopScope;                 : loaded 2 times (x 71B)
Class io.opentelemetry.context.ThreadLocalContextStorage$NoopScope                    : loaded 2 times (x 87B)
Class org.gradle.internal.time.DefaultTimer                                           : loaded 2 times (x 82B)
Class com.google.common.base.Objects                                                  : loaded 2 times (x 73B)
Class org.objectweb.asm.FieldVisitor                                                  : loaded 2 times (x 79B)
Class com.google.common.collect.IndexedImmutableSet                                   : loaded 2 times (x 154B)
Class com.google.common.collect.ImmutableMap$1                                        : loaded 2 times (x 83B)
Class com.google.common.collect.BiMap                                                 : loaded 2 times (x 72B)
Class io.opentelemetry.context.ImplicitContextKeyed                                   : loaded 2 times (x 72B)
Class org.gradle.api.internal.classpath.DefaultModuleRegistry$DefaultModule           : loaded 2 times (x 84B)
Class com.google.common.primitives.Ints                                               : loaded 2 times (x 73B)
Class org.jetbrains.plugins.gradle.model.AnnotationProcessingModel                    : loaded 2 times (x 72B)
Class io.opentelemetry.context.DefaultContextKey                                      : loaded 2 times (x 74B)
Class com.google.common.collect.ObjectArrays                                          : loaded 2 times (x 73B)
Class com.google.common.math.MathPreconditions                                        : loaded 2 times (x 73B)
Class com.google.common.collect.Multiset                                              : loaded 2 times (x 72B)
Class com.google.common.collect.ArrayListMultimapGwtSerializationDependencies         : loaded 2 times (x 173B)
Class io.opentelemetry.context.ContextStorageProvider                                 : loaded 2 times (x 72B)
Class io.opentelemetry.api.internal.IncubatingUtil                                    : loaded 2 times (x 73B)
Class io.opentelemetry.api.GlobalOpenTelemetry$ObfuscatedOpenTelemetry                : loaded 2 times (x 94B)
Class kotlin.Result$Failure                                                           : loaded 2 times (x 74B)
Class org.gradle.internal.time.DefaultCountdownTimer                                  : loaded 2 times (x 90B)
Class com.google.common.collect.ImmutableMapEntrySet                                  : loaded 2 times (x 154B)
Class org.jetbrains.plugins.gradle.model.GradleTaskModel                              : loaded 2 times (x 72B)
Class org.jetbrains.plugins.gradle.tooling.util.ObjectCollector                       : loaded 2 times (x 74B)
Class org.gradle.tooling.internal.gradle.DefaultBuildIdentifier                       : loaded 2 times (x 81B)
Class org.gradle.api.internal.classpath.Module                                        : loaded 2 times (x 72B)
Class com.google.common.cache.Weigher                                                 : loaded 2 times (x 72B)
Class com.intellij.openapi.externalSystem.model.project.IExternalSystemSourceType     : loaded 2 times (x 72B)
Class org.gradle.api.internal.classpath.UnknownModuleException                        : loaded 2 times (x 84B)
Class com.google.common.base.Stopwatch                                                : loaded 2 times (x 74B)
Class com.google.common.cache.LocalCache$Strength                                     : loaded 2 times (x 83B)
Class com.google.common.cache.Cache                                                   : loaded 2 times (x 72B)
Class io.opentelemetry.api.trace.TraceStateBuilder                                    : loaded 2 times (x 72B)
Class com.intellij.openapi.externalSystem.model.project.dependencies.ProjectDependencies: loaded 2 times (x 72B)
Class org.jetbrains.plugins.gradle.tooling.serialization.ProjectDependenciesSerializationService$ReadContext: loaded 2 times (x 74B)
Class com.google.common.util.concurrent.AbstractFuture$Cancellation                   : loaded 2 times (x 74B)
Class com.google.common.collect.ImmutableMap$Builder                                  : loaded 2 times (x 84B)
Class com.google.common.cache.RemovalListener                                         : loaded 2 times (x 72B)
Class org.jetbrains.plugins.gradle.tooling.serialization.RepositoriesModelSerializationService: loaded 2 times (x 84B)
Class org.gradle.tooling.internal.gradle.GradleProjectIdentity                        : loaded 2 times (x 72B)
Class org.gradle.api.internal.DefaultClassPathRegistry                                : loaded 2 times (x 78B)
Class com.google.common.primitives.IntsMethodsForWeb                                  : loaded 2 times (x 73B)
Class com.google.common.collect.ImmutableMap$MapViewOfValuesAsSingletonSets           : loaded 2 times (x 128B)
Class io.opentelemetry.api.internal.AutoValue_ImmutableSpanContext                    : loaded 2 times (x 94B)
Class org.jetbrains.plugins.gradle.tooling.serialization.RepositoriesModelSerializationService$ReadContext: loaded 2 times (x 74B)
Class org.gradle.internal.classpath.DefaultClassPath$ImmutableUniqueList              : loaded 2 times (x 201B)
Class org.gradle.api.internal.ClassPathRegistry                                       : loaded 2 times (x 72B)
Class com.google.common.base.ExtraObjectsMethodsForWeb                                : loaded 2 times (x 73B)
Class com.intellij.gradle.toolingExtension.impl.model.projectModel.GradleExternalProjectSerializationService$WriteContext: loaded 2 times (x 75B)
Class com.google.common.collect.RegularImmutableMap                                   : loaded 2 times (x 122B)
Class com.google.common.collect.SingletonImmutableList                                : loaded 2 times (x 209B)
Class com.google.common.cache.CacheBuilder                                            : loaded 2 times (x 74B)
Class Settings_gradle$1                                                               : loaded 2 times (x 76B)
Class io.opentelemetry.api.trace.ImmutableTraceFlags                                  : loaded 2 times (x 79B)
Class org.gradle.internal.classpath.ClassPath                                         : loaded 2 times (x 72B)
Class com.google.common.base.JdkPattern                                               : loaded 2 times (x 77B)
Class com.google.common.collect.ImmutableList$ReverseImmutableList                    : loaded 2 times (x 211B)
Class org.jetbrains.plugins.gradle.tooling.serialization.KotlinDslScriptsModelSerializationService: loaded 2 times (x 83B)
Class org.objectweb.asm.SymbolTable$Entry                                             : loaded 2 times (x 75B)
Class org.jetbrains.kotlin.idea.gradleTooling.KotlinGradleModel                       : loaded 2 times (x 72B)
Class [Lio.opentelemetry.api.trace.TraceFlags;                                        : loaded 2 times (x 71B)
Class [Lio.opentelemetry.context.ContextStorage;                                      : loaded 2 times (x 71B)
Class com.intellij.platform.diagnostic.telemetry.rt.context.TelemetryContext          : loaded 2 times (x 135B)
Class org.jetbrains.plugins.gradle.tooling.serialization.ExternalTestsSerializationService$WriteContext: loaded 2 times (x 74B)
Class org.gradle.api.internal.classpath.DefaultModuleRegistry$DefaultModuleAlias      : loaded 2 times (x 82B)
Class org.objectweb.asm.Edge                                                          : loaded 2 times (x 74B)
Class org.jetbrains.plugins.gradle.tooling.util.IntObjectMap$ObjectFactory            : loaded 2 times (x 72B)
Class com.google.common.base.Suppliers$SupplierOfInstance                             : loaded 2 times (x 81B)
Class io.opentelemetry.context.ThreadLocalContextStorage                              : loaded 2 times (x 87B)
Class org.gradle.tooling.model.Model                                                  : loaded 2 times (x 72B)
Class com.google.common.collect.SingletonImmutableSet                                 : loaded 2 times (x 148B)
Class com.google.common.cache.LocalCache$ComputingValueReference                      : loaded 2 times (x 98B)
Class com.google.common.collect.ImmutableMap$IteratorBasedImmutableMap                : loaded 2 times (x 128B)
Class kotlin.UninitializedPropertyAccessException                                     : loaded 2 times (x 84B)
Class com.google.common.cache.LocalCache$Segment                                      : loaded 2 times (x 155B)
Class io.opentelemetry.context.Context                                                : loaded 2 times (x 72B)
Class org.jetbrains.plugins.gradle.model.IntelliJProjectSettings                      : loaded 2 times (x 72B)
Class org.gradle.tooling.internal.adapter.ProtocolToModelAdapter$MethodInvocationCache: loaded 2 times (x 75B)
Class com.google.common.collect.AbstractListMultimap                                  : loaded 2 times (x 173B)
Class [Lorg.objectweb.asm.SymbolTable$Entry;                                          : loaded 2 times (x 71B)
Class [Lio.opentelemetry.api.trace.ImmutableTraceFlags;                               : loaded 2 times (x 71B)
Class com.google.common.cache.CacheLoader                                             : loaded 2 times (x 76B)
Class com.google.common.collect.ImmutableBiMap                                        : loaded 2 times (x 145B)
Class org.jetbrains.plugins.gradle.model.ExternalDependency                           : loaded 2 times (x 72B)
Class com.intellij.util.containers.IntObjectHashMap                                   : loaded 2 times (x 74B)
Class org.gradle.api.internal.classpath.ModuleRegistry                                : loaded 2 times (x 72B)
Class org.gradle.internal.installation.GradleInstallation$1                           : loaded 2 times (x 77B)
Class com.google.common.collect.ImmutableSet$JdkBackedSetBuilderImpl                  : loaded 2 times (x 78B)
Class com.google.common.util.concurrent.ExecutionError                                : loaded 2 times (x 84B)
Class com.google.common.util.concurrent.internal.InternalFutureFailureAccess          : loaded 2 times (x 74B)
Class org.jetbrains.plugins.gradle.model.VersionCatalogsModel                         : loaded 2 times (x 72B)
Class com.intellij.gradle.toolingExtension.impl.model.sourceSetDependencyModel.GradleSourceSetDependencySerialisationService$SourceSetDependencyModelReadContext: loaded 2 times (x 74B)
Class com.intellij.gradle.toolingExtension.impl.model.dependencyModel.DependencyReadContext: loaded 2 times (x 74B)
Class ijInit1_8w0z37xcfji5fdcaxaciv8rk7$_run_closure1                                 : loaded 2 times (x 141B)
Class org.gradle.tooling.internal.adapter.ObjectGraphAdapter                          : loaded 2 times (x 72B)
Class com.google.common.base.CharMatcher$ForPredicate                                 : loaded 2 times (x 114B)
Class com.google.common.cache.LocalCache$LocalManualCache$1                           : loaded 2 times (x 77B)
Class com.intellij.gradle.toolingExtension.impl.model.warmUp.GradleTaskWarmUpRequest  : loaded 2 times (x 72B)
Class com.google.common.base.CharMatcher$AnyOf                                        : loaded 2 times (x 114B)
Class com.google.common.collect.ImmutableList$1                                       : loaded 2 times (x 99B)
Class com.intellij.gradle.toolingExtension.impl.model.sourceSetArtifactIndex.GradleSourceSetArtifactBuildRequest: loaded 2 times (x 72B)
Class kotlin.collections.CollectionsKt__CollectionsJVMKt                              : loaded 2 times (x 73B)
Class org.gradle.tooling.model.idea.BasicIdeaProject                                  : loaded 2 times (x 72B)
Class org.gradle.api.internal.classpath.DefaultModuleRegistry                         : loaded 2 times (x 86B)
Class com.google.common.collect.ImmutableEnumSet                                      : loaded 2 times (x 148B)
Class com.google.common.util.concurrent.ListenableFuture                              : loaded 2 times (x 72B)
Class com.google.common.cache.ReferenceEntry                                          : loaded 2 times (x 72B)
Class com.google.common.base.Converter                                                : loaded 2 times (x 92B)
Class com.google.common.collect.ImmutableSet$CachingAsList                            : loaded 2 times (x 150B)
Class org.jetbrains.plugins.gradle.tooling.serialization.internal.IdeaProjectSerializationService$WriteContext$1: loaded 2 times (x 85B)
Class org.jetbrains.plugins.gradle.model.ExternalProject                              : loaded 2 times (x 72B)
Class kotlin.collections.CollectionsKt__IteratorsKt                                   : loaded 2 times (x 73B)
Class com.google.common.collect.AbstractMapBasedMultimap                              : loaded 2 times (x 140B)
Class org.gradle.internal.classloader.ClassLoaderHierarchy                            : loaded 2 times (x 72B)
Class com.google.common.collect.ImmutableAsList                                       : loaded 2 times (x 211B)
Class com.google.common.util.concurrent.AbstractFuture                                : loaded 2 times (x 108B)
Class com.google.common.base.FunctionalEquivalence                                    : loaded 2 times (x 85B)
Class org.jetbrains.plugins.gradle.tooling.serialization.internal.IdeaProjectSerializationService$WriteContext$2: loaded 2 times (x 85B)
Class org.objectweb.asm.RecordComponentVisitor                                        : loaded 2 times (x 79B)
Class com.google.common.cache.CacheLoader$SupplierToCacheLoader                       : loaded 2 times (x 77B)
Class [Lio.opentelemetry.context.Scope;                                               : loaded 2 times (x 71B)
Class org.jetbrains.plugins.gradle.tooling.serialization.AnnotationProcessingModelSerializationService$ReadContext: loaded 2 times (x 74B)
Class org.jetbrains.plugins.gradle.tooling.serialization.internal.IdeaProjectSerializationService$WriteContext$3: loaded 2 times (x 85B)
Class gnu.trove.TObjectHash$NULL                                                      : loaded 2 times (x 73B)
Class org.gradle.tooling.model.GradleProject                                          : loaded 2 times (x 72B)
Class com.intellij.gradle.toolingExtension.impl.telemetry.GradleOpenTelemetry         : loaded 2 times (x 74B)
Class kotlin.collections.CollectionsKt__ReversedViewsKt                               : loaded 2 times (x 73B)
Class com.intellij.gradle.toolingExtension.impl.model.sourceSetDependencyModel.GradleSourceSetDependencySerialisationService$Companion: loaded 2 times (x 73B)
Class org.gradle.internal.time.MonotonicClock                                         : loaded 2 times (x 79B)
Class org.gradle.internal.service.ServiceLookupException                              : loaded 2 times (x 84B)
Class [Lcom.google.common.cache.LocalCache$EntryFactory;                              : loaded 2 times (x 71B)
Class com.intellij.gradle.toolingExtension.util.GradleVersionSpecificsUtil            : loaded 2 times (x 73B)
Class io.opentelemetry.context.ContextStorage                                         : loaded 2 times (x 72B)
Class org.jetbrains.plugins.gradle.tooling.serialization.internal.IdeaProjectSerializationService$WriteContext$5: loaded 2 times (x 85B)
Class com.intellij.gradle.toolingExtension.impl.model.sourceSetDependencyModel.GradleSourceSetDependencySerialisationService$SourceSetDependencyModelWriteContext: loaded 2 times (x 74B)
Class org.gradle.internal.classloader.ClassLoaderFactory                              : loaded 2 times (x 72B)
Class com.google.common.base.CommonPattern                                            : loaded 2 times (x 76B)
Class com.google.common.base.CharMatcher$IsNot                                        : loaded 2 times (x 113B)
Class com.google.common.cache.LocalCache$LocalManualCache                             : loaded 2 times (x 101B)
Class org.jetbrains.plugins.gradle.tooling.serialization.internal.IdeaProjectSerializationService$WriteContext$6: loaded 2 times (x 85B)
Class org.jetbrains.plugins.gradle.tooling.util.IntObjectMap                          : loaded 2 times (x 75B)
Class org.gradle.internal.service.CachingServiceLocator                               : loaded 2 times (x 84B)
Class com.google.common.collect.AbstractMapBasedMultimap$KeySet                       : loaded 2 times (x 139B)
Class com.google.common.math.IntMath                                                  : loaded 2 times (x 73B)
Class org.jetbrains.plugins.gradle.model.RepositoryModels                             : loaded 2 times (x 72B)
Class org.jetbrains.plugins.gradle.tooling.serialization.internal.IdeaProjectSerializationService$WriteContext$7: loaded 2 times (x 85B)
Class com.google.common.collect.ImmutableMapEntry                                     : loaded 2 times (x 87B)
Class org.jetbrains.plugins.gradle.tooling.serialization.internal.IdeaProjectSerializationService$WriteContext$8: loaded 2 times (x 85B)
Class gnu.trove.TObjectIntProcedure                                                   : loaded 2 times (x 72B)
Class org.gradle.internal.time.TimeSource                                             : loaded 2 times (x 72B)
Class org.gradle.tooling.model.kotlin.dsl.KotlinDslScriptsModel                       : loaded 2 times (x 72B)
Class com.google.common.base.Equivalence                                              : loaded 2 times (x 84B)
Class com.google.common.base.Function                                                 : loaded 2 times (x 72B)
Class com.google.common.collect.ImmutableMapEntry$NonTerminalImmutableMapEntry        : loaded 2 times (x 87B)
Class org.jetbrains.plugins.gradle.tooling.serialization.SerializationService         : loaded 2 times (x 72B)
Class org.gradle.tooling.internal.gradle.GradleBuildIdentity                          : loaded 2 times (x 72B)
Class kotlin.enums.EnumEntries                                                        : loaded 2 times (x 72B)
Class com.google.common.collect.IndexedImmutableSet$1                                 : loaded 2 times (x 215B)
Class com.google.common.collect.RegularImmutableList                                  : loaded 2 times (x 215B)
Class com.google.common.cache.CacheBuilder$OneWeigher                                 : loaded 2 times (x 84B)
Class org.jetbrains.plugins.gradle.tooling.serialization.internal.adapter.Supplier    : loaded 2 times (x 72B)
Class org.gradle.internal.exceptions.ResolutionProvider                               : loaded 2 times (x 72B)
Class org.gradle.tooling.model.ProjectIdentifier                                      : loaded 2 times (x 72B)
Class org.gradle.internal.classloader.ClasspathUtil                                   : loaded 2 times (x 73B)
Class org.jetbrains.kotlin.tooling.core.HasExtras                                     : loaded 2 times (x 72B)
Class com.google.common.util.concurrent.Uninterruptibles                              : loaded 2 times (x 73B)
Class com.intellij.gradle.toolingExtension.impl.model.sourceSetModel.GradleSourceSetSerialisationService: loaded 2 times (x 79B)
Class com.google.common.util.concurrent.LazyLogger                                    : loaded 2 times (x 74B)
Class com.google.common.collect.Maps                                                  : loaded 2 times (x 73B)
Class io.opentelemetry.context.propagation.TextMapGetter                              : loaded 2 times (x 72B)
Class org.gradle.internal.time.TimeSource$1                                           : loaded 2 times (x 79B)
Class kotlin.jvm.internal.DefaultConstructorMarker                                    : loaded 2 times (x 73B)
Class org.gradle.api.specs.Spec                                                       : loaded 2 times (x 72B)
Class [Lcom.google.common.collect.ImmutableEntry;                                     : loaded 2 times (x 71B)
Class io.opentelemetry.context.ThreadLocalContextStorage$ScopeImpl                    : loaded 2 times (x 81B)
Class com.google.common.cache.LocalCache$LoadingValueReference                        : loaded 2 times (x 98B)
Class com.intellij.gradle.toolingExtension.impl.model.buildScriptClasspathModel.GradleBuildScriptClasspathSerializationService: loaded 2 times (x 79B)
Class com.google.common.base.Platform                                                 : loaded 2 times (x 73B)
Class org.jetbrains.plugins.gradle.model.FileCollectionDependency                     : loaded 2 times (x 72B)
Class io.opentelemetry.api.trace.SpanBuilder                                          : loaded 2 times (x 72B)
Class io.opentelemetry.api.DefaultOpenTelemetry                                       : loaded 2 times (x 91B)
Class com.intellij.gradle.toolingExtension.impl.model.utilDummyModel.DummyModel       : loaded 2 times (x 72B)
Class org.gradle.internal.time.Clock                                                  : loaded 2 times (x 72B)
Class org.gradle.tooling.model.BuildModel                                             : loaded 2 times (x 72B)
Class [Lorg.objectweb.asm.AnnotationWriter;                                           : loaded 2 times (x 71B)
Class com.google.common.collect.Maps$8                                                : loaded 2 times (x 84B)
Class io.opentelemetry.context.propagation.TextMapPropagator                          : loaded 2 times (x 72B)
Class org.jetbrains.plugins.gradle.model.GradleSourceSetDependencyModel               : loaded 2 times (x 72B)
Class ijInit1_8w0z37xcfji5fdcaxaciv8rk7                                               : loaded 2 times (x 173B)
Class org.gradle.tooling.internal.adapter.TypeInspector                               : loaded 2 times (x 75B)
Class org.gradle.tooling.internal.adapter.ProtocolToModelAdapter$NoOpDecoration       : loaded 2 times (x 81B)
Class org.gradle.tooling.model.Element                                                : loaded 2 times (x 72B)
Class kotlin.collections.AbstractList                                                 : loaded 2 times (x 199B)
Class kotlin.collections.AbstractCollection                                           : loaded 2 times (x 119B)
Class com.google.common.collect.Sets$SetView                                          : loaded 2 times (x 141B)
Class org.jetbrains.kotlin.tooling.core.Extras                                        : loaded 2 times (x 72B)
Class com.google.common.cache.LocalCache$StrongValueReference                         : loaded 2 times (x 92B)
Class io.opentelemetry.context.ArrayBasedContext                                      : loaded 2 times (x 102B)
Class com.intellij.gradle.toolingExtension.impl.model.taskModel.GradleTaskSerialisationService: loaded 2 times (x 78B)
Class org.objectweb.asm.Type                                                          : loaded 2 times (x 74B)
Class org.jetbrains.plugins.gradle.tooling.util.IntObjectMap$1                        : loaded 2 times (x 79B)
Class org.gradle.internal.classloader.VisitableURLClassLoader$InstrumentingVisitableURLClassLoader: loaded 2 times (x 124B)
Class com.google.common.math.IntMath$1                                                : loaded 2 times (x 73B)
Class org.objectweb.asm.ByteVector                                                    : loaded 2 times (x 81B)
Class [Lcom.google.common.cache.CacheBuilder$NullListener;                            : loaded 2 times (x 71B)
Class io.opentelemetry.api.trace.SpanId                                               : loaded 2 times (x 73B)
Class org.gradle.internal.classloader.VisitableURLClassLoader$Spec                    : loaded 2 times (x 76B)
Class org.gradle.internal.classpath.DefaultClassPath                                  : loaded 2 times (x 92B)
Class org.objectweb.asm.Symbol                                                        : loaded 2 times (x 75B)
Class org.jetbrains.plugins.gradle.model.GradleBuildScriptClasspathModel              : loaded 2 times (x 72B)
Class kotlin.Result$Companion                                                         : loaded 2 times (x 73B)
Class org.gradle.util.internal.DefaultGradleVersion                                   : loaded 2 times (x 84B)
Class com.google.common.base.CharMatcher$BitSetMatcher                                : loaded 2 times (x 114B)
Class com.google.common.collect.RegularImmutableMap$Values                            : loaded 2 times (x 209B)
Class com.google.common.collect.ImmutableSet                                          : loaded 2 times (x 147B)
Class [Lio.opentelemetry.context.ThreadLocalContextStorage;                           : loaded 2 times (x 71B)
Class org.gradle.internal.classloader.ClassLoaderSpec                                 : loaded 2 times (x 73B)
Class org.objectweb.asm.AnnotationWriter                                              : loaded 2 times (x 80B)
Class com.google.common.cache.CacheStats                                              : loaded 2 times (x 73B)
Class kotlin.collections.CollectionsKt___CollectionsJvmKt                             : loaded 2 times (x 73B)
Class org.objectweb.asm.RecordComponentWriter                                         : loaded 2 times (x 79B)
Class com.google.common.util.concurrent.AbstractFuture$Listener                       : loaded 2 times (x 74B)
Class com.google.common.base.CharMatcher$Or                                           : loaded 2 times (x 114B)
Class Settings_gradle$1$1                                                             : loaded 2 times (x 76B)
Class io.opentelemetry.api.trace.Tracer                                               : loaded 2 times (x 72B)
Class org.gradle.api.internal.classpath.Module$ModuleAlias                            : loaded 2 times (x 72B)
Class org.objectweb.asm.Attribute                                                     : loaded 2 times (x 79B)
Class com.google.common.base.Supplier                                                 : loaded 2 times (x 72B)
Class io.opentelemetry.api.trace.ArrayBasedTraceState                                 : loaded 2 times (x 88B)
Class io.opentelemetry.context.ContextKey                                             : loaded 2 times (x 72B)
Class io.opentelemetry.context.propagation.TextMapSetter                              : loaded 2 times (x 72B)
Class org.gradle.internal.classloader.VisitableURLClassLoader                         : loaded 2 times (x 118B)
Class Settings_gradle                                                                 : loaded 2 times (x 126B)
Class org.jetbrains.plugins.gradle.tooling.serialization.ExternalTestsSerializationService$ReadContext: loaded 2 times (x 74B)
Class com.intellij.gradle.toolingExtension.impl.model.sourceSetModel.GradleSourceSetSerialisationService$Companion: loaded 2 times (x 73B)
Class com.google.common.base.CharMatcher$IsEither                                     : loaded 2 times (x 113B)
Class org.gradle.tooling.model.eclipse.EclipseProject                                 : loaded 2 times (x 72B)
Class org.gradle.tooling.model.idea.IdeaDependency                                    : loaded 2 times (x 72B)
Class com.google.common.base.Strings                                                  : loaded 2 times (x 73B)
Class com.google.common.collect.Sets                                                  : loaded 2 times (x 73B)
Class org.objectweb.asm.Handler                                                       : loaded 2 times (x 74B)
Class com.google.common.base.CharMatcher$FastMatcher                                  : loaded 2 times (x 113B)
Class com.google.common.base.Ticker                                                   : loaded 2 times (x 74B)
Class [Lcom.google.common.cache.LocalCache$Segment;                                   : loaded 2 times (x 71B)
Class com.google.common.base.Predicate                                                : loaded 2 times (x 72B)
Class [Lcom.google.common.cache.LocalCache$Strength;                                  : loaded 2 times (x 71B)
Class com.google.common.cache.CacheBuilder$1                                          : loaded 2 times (x 87B)
Class com.google.common.collect.ImmutableMap                                          : loaded 2 times (x 122B)
Class io.opentelemetry.api.trace.ArrayBasedTraceStateBuilder                          : loaded 2 times (x 79B)
Class org.jetbrains.plugins.gradle.tooling.serialization.internal.IdeaProjectSerializationService$WriteContext: loaded 2 times (x 74B)
Class com.intellij.gradle.toolingExtension.impl.model.sourceSetDependencyModel.GradleSourceSetDependencySerialisationService: loaded 2 times (x 79B)
Class org.jetbrains.plugins.gradle.model.GradleSourceSetModel                         : loaded 2 times (x 72B)
Class org.gradle.internal.classpath.DefaultClassPath$ImmutableUniqueList$Builder      : loaded 2 times (x 77B)
Class com.google.common.base.CharMatcher$NegatedFastMatcher                           : loaded 2 times (x 115B)
Class com.google.common.cache.LocalCache                                              : loaded 2 times (x 188B)
Class com.google.common.cache.CacheBuilder$2                                          : loaded 2 times (x 81B)
Class io.opentelemetry.api.trace.TracerProvider                                       : loaded 2 times (x 72B)
Class com.google.common.collect.ArrayListMultimap                                     : loaded 2 times (x 173B)
Class com.google.common.cache.CacheBuilder$3                                          : loaded 2 times (x 74B)
Class [Lcom.google.common.collect.AbstractMapEntry;                                   : loaded 2 times (x 71B)
Class com.google.common.collect.ImmutableEntry                                        : loaded 2 times (x 84B)
Class io.opentelemetry.api.trace.AutoValue_ArrayBasedTraceState                       : loaded 2 times (x 89B)
Class gnu.trove.TObjectHash                                                           : loaded 2 times (x 96B)
Class org.jetbrains.plugins.gradle.tooling.util.ObjectCollector$Processor             : loaded 2 times (x 72B)
Class sync_studio_tooling2_akri769lfn2v81dx6ai914sih$_run_closure1                    : loaded 2 times (x 140B)
Class kotlin.collections.CollectionsKt___CollectionsKt                                : loaded 2 times (x 73B)
Class org.gradle.internal.classloader.FilteringClassLoader                            : loaded 2 times (x 106B)
Class org.gradle.internal.exceptions.NonGradleCauseExceptionsHolder                   : loaded 2 times (x 72B)
Class org.gradle.tooling.model.idea.IdeaModuleDependency                              : loaded 2 times (x 72B)
Class org.gradle.tooling.internal.adapter.ViewBuilder                                 : loaded 2 times (x 72B)
Class com.google.common.collect.CollectPreconditions                                  : loaded 2 times (x 73B)
Class io.opentelemetry.api.trace.TraceState                                           : loaded 2 times (x 72B)
Class org.jetbrains.plugins.gradle.model.AnnotationProcessingConfig                   : loaded 2 times (x 72B)
Class gnu.trove.Equality                                                              : loaded 2 times (x 72B)
Class org.gradle.tooling.model.eclipse.HierarchicalEclipseProject                     : loaded 2 times (x 72B)
Class com.google.common.collect.SortedMapDifference                                   : loaded 2 times (x 72B)
Class io.opentelemetry.context.LazyStorage                                            : loaded 2 times (x 73B)
Class com.google.common.cache.LocalCache$WriteThroughEntry                            : loaded 2 times (x 81B)
Class com.google.common.cache.LocalCache$HashIterator                                 : loaded 2 times (x 88B)
Class com.google.common.cache.LocalCache$EntryFactory                                 : loaded 2 times (x 85B)
Class gnu.trove.TObjectHashingStrategy                                                : loaded 2 times (x 72B)
Class org.gradle.tooling.internal.adapter.ProtocolToModelAdapter$ReflectionMethodInvoker: loaded 2 times (x 78B)
Class org.jetbrains.kotlin.tooling.core.HasMutableExtras                              : loaded 2 times (x 72B)
Class com.google.common.cache.LocalCache$AbstractReferenceEntry                       : loaded 2 times (x 109B)
Class kotlin.collections.CollectionsKt__MutableCollectionsJVMKt                       : loaded 2 times (x 73B)
Class kotlin.NotImplementedError                                                      : loaded 2 times (x 84B)
Class kotlin.enums.EnumEntriesKt                                                      : loaded 2 times (x 73B)
Class org.objectweb.asm.SymbolTable                                                   : loaded 2 times (x 74B)
Class com.google.common.collect.ImmutableSet$RegularSetBuilderImpl                    : loaded 2 times (x 78B)
Class com.google.common.cache.CacheLoader$InvalidCacheLoadException                   : loaded 2 times (x 84B)
Class io.opentelemetry.context.propagation.NoopTextMapPropagator                      : loaded 2 times (x 78B)
Class com.intellij.gradle.toolingExtension.model.repositoryModel.ProjectRepositoriesModel: loaded 2 times (x 72B)
Class org.jetbrains.plugins.gradle.model.GradleProperty                               : loaded 2 times (x 72B)
Class gnu.trove.TObjectCanonicalHashingStrategy                                       : loaded 2 times (x 80B)
Class com.google.common.cache.LocalCache$StrongEntry                                  : loaded 2 times (x 110B)
Class com.google.common.util.concurrent.AbstractFuture$TrustedFuture                  : loaded 2 times (x 116B)
Class com.google.common.cache.LoadingCache                                            : loaded 2 times (x 72B)
Class org.gradle.internal.exceptions.MultiCauseException                              : loaded 2 times (x 72B)
Class org.gradle.internal.time.CountdownTimer                                         : loaded 2 times (x 72B)
Class kotlin.jvm.internal.Intrinsics                                                  : loaded 2 times (x 73B)
Class org.objectweb.asm.MethodWriter                                                  : loaded 2 times (x 107B)
Class [Lcom.google.common.cache.Weigher;                                              : loaded 2 times (x 71B)
Class com.google.common.collect.RegularImmutableMap$BucketOverflowException           : loaded 2 times (x 84B)
Class io.opentelemetry.api.trace.Span                                                 : loaded 2 times (x 72B)
Class com.intellij.gradle.toolingExtension.impl.model.projectModel.GradleExternalProjectSerializationService$ReadContext: loaded 2 times (x 75B)
Class com.intellij.gradle.toolingExtension.impl.model.dependencyModel.DependencyWriteContext: loaded 2 times (x 74B)
Class kotlin.collections.CollectionsKt__IterablesKt                                   : loaded 2 times (x 73B)
Class org.gradle.tooling.model.ProjectModel                                           : loaded 2 times (x 72B)
Class org.gradle.tooling.model.gradle.GradleBuild                                     : loaded 2 times (x 72B)
Class kotlin.KotlinNullPointerException                                               : loaded 2 times (x 84B)
Class com.google.common.collect.RegularImmutableBiMap                                 : loaded 2 times (x 150B)
Class com.google.common.base.CharMatcher$Negated                                      : loaded 2 times (x 115B)
Class com.google.common.base.CharMatcher$Is                                           : loaded 2 times (x 113B)
Class com.google.common.cache.LocalCache$ValueReference                               : loaded 2 times (x 72B)
Class io.opentelemetry.api.OpenTelemetry                                              : loaded 2 times (x 72B)
Class org.jetbrains.plugins.gradle.model.tests.ExternalTestsModel                     : loaded 2 times (x 72B)
Class org.gradle.internal.exceptions.DefaultMultiCauseException                       : loaded 2 times (x 97B)
Class com.google.common.base.PatternCompiler                                          : loaded 2 times (x 72B)
Class com.google.common.util.concurrent.AbstractFuture$Failure                        : loaded 2 times (x 74B)
Class com.google.common.base.Equivalence$Equals                                       : loaded 2 times (x 84B)
Class com.google.common.collect.Hashing                                               : loaded 2 times (x 73B)
Class org.jetbrains.plugins.gradle.tooling.serialization.internal.IdeaProjectSerializationService$ReadContext: loaded 2 times (x 74B)
Class io.opentelemetry.api.trace.PropagatedSpan                                       : loaded 2 times (x 114B)
Class com.intellij.gradle.toolingExtension.impl.model.projectModel.GradleExternalProjectSerializationService: loaded 2 times (x 79B)
Class org.gradle.tooling.model.HierarchicalElement                                    : loaded 2 times (x 72B)
Class com.google.common.base.Joiner$1                                                 : loaded 2 times (x 83B)
Class org.objectweb.asm.Label                                                         : loaded 2 times (x 75B)
Class org.objectweb.asm.CurrentFrame                                                  : loaded 2 times (x 75B)
Class org.objectweb.asm.ClassTooLargeException                                        : loaded 2 times (x 84B)
Class com.google.common.collect.RegularImmutableMap$KeySet                            : loaded 2 times (x 154B)
Class com.google.common.base.CharMatcher                                              : loaded 2 times (x 113B)
Class io.opentelemetry.api.trace.TraceFlags                                           : loaded 2 times (x 72B)
Class org.jetbrains.plugins.gradle.tooling.serialization.ExternalTestsSerializationService: loaded 2 times (x 79B)
Class org.gradle.internal.time.Time                                                   : loaded 2 times (x 73B)
Class com.google.common.base.Joiner$2                                                 : loaded 2 times (x 82B)
Class org.objectweb.asm.Frame                                                         : loaded 2 times (x 75B)
Class org.objectweb.asm.MethodVisitor                                                 : loaded 2 times (x 107B)
Class com.google.common.base.CharMatcher$NamedFastMatcher                             : loaded 2 times (x 114B)
Class com.google.common.base.CharMatcher$1                                            : loaded 2 times (x 115B)
Class com.google.common.cache.LocalCache$EntryFactory$1                               : loaded 2 times (x 85B)
Class [Lcom.google.common.cache.RemovalListener;                                      : loaded 2 times (x 71B)
Class org.jetbrains.plugins.gradle.tooling.serialization.AnnotationProcessingModelSerializationService: loaded 2 times (x 79B)
Class com.google.common.cache.LocalCache$EntryFactory$2                               : loaded 2 times (x 85B)
Class org.jetbrains.plugins.gradle.model.DependencyAccessorsModel                     : loaded 2 times (x 72B)
Class [Lcom.intellij.openapi.externalSystem.model.project.dependencies.ResolutionState;: loaded 2 times (x 71B)
Class gnu.trove.TObjectIntHashMap                                                     : loaded 2 times (x 111B)
Class org.objectweb.asm.ModuleWriter                                                  : loaded 2 times (x 83B)
Class com.google.common.cache.LocalCache$EntryFactory$3                               : loaded 2 times (x 85B)
Class com.google.common.base.Ticker$1                                                 : loaded 2 times (x 74B)
Class com.google.common.collect.Maps$BiMapConverter                                   : loaded 2 times (x 92B)
Class com.google.common.collect.ImmutableMapEntrySet$RegularEntrySet                  : loaded 2 times (x 154B)
Class org.jetbrains.kotlin.idea.gradleTooling.KotlinMPPGradleModel                    : loaded 2 times (x 72B)
Class io.opentelemetry.context.propagation.ContextPropagators                         : loaded 2 times (x 72B)
Class com.intellij.gradle.toolingExtension.impl.model.dependencyDownloadPolicyModel.GradleDependencyDownloadPolicy: loaded 2 times (x 72B)
Class org.gradle.tooling.model.BuildIdentifier                                        : loaded 2 times (x 72B)
Class kotlin.NoWhenBranchMatchedException                                             : loaded 2 times (x 84B)
Class com.google.common.collect.ImmutableSet$Builder                                  : loaded 2 times (x 87B)
Class com.google.common.base.CharMatcher$InRange                                      : loaded 2 times (x 113B)
Class com.google.common.cache.LocalCache$EntryFactory$4                               : loaded 2 times (x 85B)
Class org.jetbrains.kotlin.idea.gradleTooling.PrepareKotlinIdeImportTaskModel         : loaded 2 times (x 72B)
Class org.gradle.tooling.model.BuildableElement                                       : loaded 2 times (x 72B)
Class org.gradle.tooling.model.HasGradleProject                                       : loaded 2 times (x 72B)
Class com.google.common.cache.LocalCache$EntryFactory$5                               : loaded 2 times (x 85B)
Class com.google.common.base.Equivalence$Identity                                     : loaded 2 times (x 84B)
Class com.google.common.cache.LocalCache$EntryFactory$6                               : loaded 2 times (x 85B)
Class org.gradle.internal.time.Timer                                                  : loaded 2 times (x 72B)
Class kotlin.jvm.internal.markers.KMappedMarker                                       : loaded 2 times (x 72B)
Class org.gradle.internal.installation.CurrentGradleInstallationLocator               : loaded 2 times (x 73B)
Class com.google.common.collect.Maps$KeySet                                           : loaded 2 times (x 139B)
Class com.google.common.collect.ImmutableSet$EmptySetBuilderImpl                      : loaded 2 times (x 78B)
Class com.google.common.cache.LocalCache$EntryFactory$7                               : loaded 2 times (x 85B)
Class org.jetbrains.plugins.gradle.tooling.serialization.internal.IdeaProjectSerializationService$WriteContext$4: loaded 2 times (x 85B)
Class org.gradle.tooling.model.idea.IdeaProject                                       : loaded 2 times (x 72B)
Class org.gradle.tooling.model.DomainObjectSet                                        : loaded 2 times (x 72B)
Class org.gradle.internal.service.DefaultServiceLocator                               : loaded 2 times (x 85B)
Class com.google.common.collect.ImmutableSet$SetBuilderImpl                           : loaded 2 times (x 78B)
Class com.google.common.cache.LocalCache$EntryFactory$8                               : loaded 2 times (x 85B)
Class io.opentelemetry.api.trace.SpanContextKey                                       : loaded 2 times (x 73B)
Class org.gradle.util.GradleVersion                                                   : loaded 2 times (x 83B)
Class org.gradle.internal.installation.CurrentGradleInstallation                      : loaded 2 times (x 75B)
Class com.google.common.collect.ImmutableList$SubList                                 : loaded 2 times (x 211B)
Class com.google.common.cache.CacheLoader$1                                           : loaded 2 times (x 77B)
Class org.jetbrains.plugins.gradle.javaModel.JavaGradleManifestModel                  : loaded 2 times (x 72B)
Class org.jetbrains.plugins.gradle.tooling.serialization.GradleExtensionsSerializationService$WriteContext: loaded 2 times (x 74B)
Class com.intellij.gradle.toolingExtension.impl.model.taskModel.GradleTaskSerialisationService$Companion: loaded 2 times (x 73B)
Class org.gradle.tooling.model.gradle.ProjectPublications                             : loaded 2 times (x 72B)
Class org.gradle.util.internal.GUtil                                                  : loaded 2 times (x 73B)
Class com.google.common.cache.AbstractCache$StatsCounter                              : loaded 2 times (x 72B)
Class io.opentelemetry.api.trace.TraceId                                              : loaded 2 times (x 73B)
Class com.intellij.gradle.toolingExtension.impl.model.utilTurnOffDefaultTasksModel.TurnOffDefaultTasks: loaded 2 times (x 72B)
Class com.intellij.gradle.toolingExtension.impl.model.sourceSetModel.GradleSourceSetSerialisationService$SourceSetModelReadContext: loaded 2 times (x 74B)
Class kotlin.collections.CollectionsKt                                                : loaded 2 times (x 73B)
Class com.google.common.base.PairwiseEquivalence                                      : loaded 2 times (x 85B)
Class com.google.common.collect.RegularImmutableSet                                   : loaded 2 times (x 150B)
Class io.opentelemetry.api.internal.ImmutableSpanContext                              : loaded 2 times (x 93B)
Class com.intellij.gradle.toolingExtension.impl.model.sourceSetModel.GradleSourceSetSerialisationService$SourceSetModelWriteContext: loaded 2 times (x 74B)
Class org.gradle.tooling.internal.adapter.ProtocolToModelAdapter$1                    : loaded 2 times (x 77B)
Class org.gradle.tooling.internal.adapter.ProtocolToModelAdapter$ViewDecoration       : loaded 2 times (x 72B)
Class org.gradle.internal.installation.GradleInstallation                             : loaded 2 times (x 77B)
Class com.google.common.collect.Iterables                                             : loaded 2 times (x 73B)
Class io.opentelemetry.api.trace.DefaultTracer                                        : loaded 2 times (x 76B)
Class org.jetbrains.plugins.gradle.tooling.serialization.GradleExtensionsSerializationService$ReadContext: loaded 2 times (x 74B)
Class org.gradle.tooling.internal.adapter.MethodInvoker                               : loaded 2 times (x 72B)
Class org.jetbrains.plugins.gradle.tooling.serialization.RepositoriesModelSerializationService$WriteContext: loaded 2 times (x 74B)

---------------  S Y S T E M  ---------------

OS:
 Windows 11 , 64 bit Build 26100 (10.0.26100.9444)
OS uptime: 6 days 18:13 hours
Hyper-V role detected

CPU: total 8 (initial active 8) (8 cores per cpu, 2 threads per core) family 23 model 160 stepping 0 microcode 0x8a0000a, cx8, cmov, fxsr, ht, mmx, 3dnowpref, sse, sse2, sse3, ssse3, sse4a, sse4.1, sse4.2, popcnt, lzcnt, tsc, tscinvbit, avx, avx2, aes, clmul, bmi1, bmi2, adx, sha, fma, vzeroupper, clflush, clflushopt, clwb, hv, rdtscp, rdpid, f16c
Processor Information for processor 0
  Max Mhz: 2401, Current Mhz: 2000, Mhz Limit: 2088
Processor Information for processor 1
  Max Mhz: 2401, Current Mhz: 2100, Mhz Limit: 2088
Processor Information for processor 2
  Max Mhz: 2401, Current Mhz: 2100, Mhz Limit: 2088
Processor Information for processor 3
  Max Mhz: 2401, Current Mhz: 2100, Mhz Limit: 2088
Processor Information for processor 4
  Max Mhz: 2401, Current Mhz: 2100, Mhz Limit: 2088
Processor Information for processor 5
  Max Mhz: 2401, Current Mhz: 2100, Mhz Limit: 2088
Processor Information for processor 6
  Max Mhz: 2401, Current Mhz: 2100, Mhz Limit: 2088
Processor Information for processor 7
  Max Mhz: 2401, Current Mhz: 2100, Mhz Limit: 2088

Memory: 4k page, system-wide physical 5965M (155M free)
TotalPageFile size 16597M (AvailPageFile size 6M)
current process WorkingSet (physical memory assigned to process): 375M, peak: 378M
current process commit charge ("private bytes"): 486M, peak: 493M

vm_info: OpenJDK 64-Bit Server VM (25.0.2+-15348964-b329.117) for windows-amd64 JRE (25.0.2+-15348964-b329.117), built on 2026-05-05T18:25:19Z with MS VC++ 16.10 / 16.11 (VS2019)

END.
